gene_a,gene_b,n11,phi,p_value,p_adj,significant
aph(3'')-Ib,aph(6)-Id,1248,0.9882,0.0,0.0,True
arr-2,cmlA5,85,0.988,5.253437301002409e-155,5.814277229082395e-153,True
aac(6')-Ib',catB8,376,0.9767,0.0,0.0,True
mph(E),msr(E),955,0.9756,0.0,0.0,True
blaNDM-1,ble,197,0.9677,1.5595130281514935e-272,5.3218382085669715e-270,True
blaADC-33,blaOXA-82,55,0.9233,3.870216120026021e-101,1.8216706909777649e-99,True
blaADC-73,ftsI_A515V,325,0.9082,0.0,0.0,True
blaADC-222,blaOXA-95,50,0.9071,8.205317939914607e-92,3.2622113557233317e-90,True
dfrA1,sat2,41,0.9038,4.537256401139146e-80,1.5483387468887337e-78,True
blaADC-169,blaOXA-402,34,0.8519,9.518286225042023e-65,2.706762645246325e-63,True
blaADC-79,blaOXA-100,24,0.8435,5.5960770370212396e-49,1.2946856195820326e-47,True
armA,mph(E),803,0.8196,0.0,0.0,True
adeS_G336S,adeS_N125K,50,0.8177,1.415049896592608e-85,5.038808110040634e-84,True
armA,msr(E),803,0.815,0.0,0.0,True
gyrA_S81L,parC_S84L,1567,0.8056,0.0,0.0,True
blaADC-199,blaADC-52,27,0.8001,1.396585944313957e-51,3.3641290835092086e-50,True
adeS_N125K,blaOXA-239,32,0.7969,5.430323224465042e-60,1.4534100394891732e-58,True
blaADC-76,blaOXA-68,45,0.7848,7.994623481026599e-73,2.4801502390002967e-71,True
adeS_H189Y,blaOXA-64,83,0.7813,1.282228917429563e-118,8.334487963292159e-117,True
arr-2,blaPER-7,61,0.7803,1.0029621869877404e-90,3.874651090296978e-89,True
blaPER-7,cmlA5,59,0.7629,2.8637263463145476e-86,1.0286806480840414e-84,True
aph(3'')-Ib,tet(B),997,0.762,0.0,0.0,True
aph(6)-Id,tet(B),988,0.7523,0.0,0.0,True
blaADC-158,blaOXA-98,24,0.7481,5.003264889833549e-44,1.0783352486246517e-42,True
blaADC-199,blaOXA-91,29,0.7359,1.0182387251336443e-52,2.511859987603779e-51,True
aadA1,catB8,376,0.7268,1.5523243596137893e-260,4.889821732783436e-258,True
aac(6')-Ib',aadA1,375,0.7227,2.0470864401032207e-256,5.987727837301921e-254,True
blaADC-52,blaOXA-91,33,0.7207,2.658421921718159e-54,6.637949859412111e-53,True
aadA1,sul1,588,0.7099,1.2789142455680867e-287,4.761048941455741e-285,True
blaADC-199,blaCARB-16,27,0.7048,3.82340517806431e-47,8.602661650644698e-46,True
catA1,tet(A),41,0.6978,4.0026663373945145e-62,1.1074945034885497e-60,True
adeC,blaOXA-66,966,0.6912,2.3854549973197134e-288,9.768438214024227e-286,True
aph(3')-VI,ble,95,0.6562,9.18319805320601e-109,4.8837916919322874e-107,True
blaADC-30,catB8,326,0.6553,5.946210186909615e-191,1.1595109864473748e-188,True
blaOXA-66,tet(B),825,0.6546,4.1033206496653646e-240,1.1202065373586446e-237,True
adeS_G336S,blaOXA-239,32,0.6517,2.6913121602808277e-52,6.599355267275443e-51,True
aac(6')-Ib',blaADC-30,325,0.6512,1.6364865987715976e-188,2.913657661725953e-186,True
cmlA5,dfrA45,36,0.6439,1.755214606442778e-56,4.4922523833644846e-55,True
arr-2,dfrA45,36,0.6362,5.150006151139164e-56,1.3018071104268442e-54,True
aph(3')-VI,blaNDM-1,91,0.6328,2.546817559405034e-99,1.1460679017322652e-97,True
armA,blaOXA-66,717,0.6287,1.9937077617187436e-219,5.10264580264891e-217,True
aadA1,blaADC-30,405,0.6146,4.653796059306896e-180,7.940539526192392e-178,True
aac(3)-IIe,aac(6')-Ian,72,0.6055,1.737444600744585e-76,5.691868512039261e-75,True
aadA2,ant(2'')-Ia,80,0.593,2.518282429832173e-83,8.7392936865786e-82,True
aph(6)-Id,blaOXA-66,878,0.5837,6.169596382338313e-193,1.2632248592837698e-190,True
blaOXA-23,gyrA_S81L,1214,0.5836,3.807038560319772e-218,9.170484061476157e-216,True
aph(3'')-Ib,blaOXA-66,879,0.5798,1.974339049118218e-190,3.67496291188141e-188,True
aph(3'')-Ib,gyrA_S81L,1236,0.572,9.430650137302796e-199,2.145472906236386e-196,True
aadT,blaOXA-58,42,0.5702,1.556308347288906e-51,3.726948936928696e-50,True
aph(6)-Id,gyrA_S81L,1228,0.5679,2.615914680041082e-196,5.637984534088543e-194,True
blaADC-11,blaOXA-69,48,0.5658,3.4204412452539196e-60,9.214938749549211e-59,True
aac(6')-Ib',armA,371,0.5584,3.5341537441810056e-173,5.566292147085084e-171,True
blaADC-52,blaCARB-16,25,0.558,1.1550732742671989e-35,2.2417180370256777e-34,True
aac(3)-IIe,adeS_H189Y,52,0.5538,1.1582460680557096e-56,2.983029967728384e-55,True
blaADC-30,blaOXA-66,502,0.5536,1.373022446162644e-176,2.2490107668144105e-174,True
blaPER-7,dfrA45,28,0.5531,4.6895826634800246e-39,9.506851983638962e-38,True
armA,catB8,368,0.5527,9.268287708931951e-169,1.4056903025213458e-166,True
blaOXA-66,blaTEM-1,569,0.5485,1.2484251389697933e-166,1.8258217657433226e-164,True
aac(6')-Ian,adeS_H189Y,59,0.542,1.2871579392479808e-60,3.490670040543365e-59,True
adeC,tet(B),888,0.5387,1.2786852382924199e-163,1.6363175158773312e-161,True
aac(3)-Ia,aadA1,275,0.5379,5.127188083333244e-133,4.1168304316175754e-131,True
aac(6')-Ib',sul1,373,0.5379,2.0071261453363216e-165,2.8342005397076676e-163,True
catB8,sul1,372,0.537,7.405241471587978e-165,1.010815460871759e-162,True
armA,tet(B),672,0.5356,1.683770319456017e-156,2.0279527818154087e-154,True
aac(3)-IId,tet(39),45,0.5331,6.132770428450572e-50,1.4350682802574338e-48,True
aph(3')-Ia,blaTEM-1,475,0.5294,1.205810011217019e-142,1.2043395112033396e-140,True
blaOXA-23,parC_S84L,1102,0.5261,1.378544366966176e-155,1.6128969093504256e-153,True
aph(6)-Id,parC_S84L,1120,0.5234,1.2457707284833157e-152,1.3424818771418888e-150,True
armA,blaOXA-23,733,0.5226,4.177294249923506e-155,4.751672209287988e-153,True
blaADC-26,blaOXA-259,46,0.5222,8.759988279600738e-54,2.1740698184827284e-52,True
aph(3'')-Ib,parC_S84L,1121,0.516,9.505050208797806e-148,9.730795151256753e-146,True
blaCARB-16,blaOXA-91,27,0.514,7.292427167066478e-35,1.388952988331964e-33,True
blaOXA-66,parC_S84L,952,0.5039,8.678801580103305e-152,9.11274165910847e-150,True
adeS_H189Y,blaADC-26,57,0.4993,1.726926814906068e-54,4.338506323337637e-53,True
aph(6)-Id,mph(E),797,0.4951,1.136471384037058e-136,1.0576932540072165e-134,True
aac(6')-Ib4,aadT,20,0.4932,1.765021238567609e-28,2.9144201499735317e-27,True
aph(3'')-Ib,mph(E),799,0.4931,1.0228558869675537e-135,9.105640993765506e-134,True
blaOXA-66,mph(E),698,0.4929,1.5949548775943012e-131,1.2560269661055122e-129,True
aph(6)-Id,msr(E),799,0.4926,3.765469304012051e-135,3.2807652765807125e-133,True
blaOXA-66,gyrA_S81L,1011,0.4907,4.738314049775255e-164,6.259160010912796e-162,True
aph(6)-Id,armA,725,0.4902,3.3050222979337778e-136,3.0075702911197376e-134,True
gyrA_S81L,tet(B),1025,0.4893,5.614112467722924e-159,6.966603198583446e-157,True
aadA1,aph(3')-Ia,435,0.4891,7.0816197363462005e-121,4.99986772764443e-119,True
aph(3'')-Ib,msr(E),800,0.4889,3.403579348241946e-133,2.787531486210154e-131,True
blaOXA-66,msr(E),698,0.488,7.109153932702597e-129,5.492827425361724e-127,True
aph(3'')-Ib,armA,726,0.4871,1.168758231461326e-134,9.970968662154437e-133,True
blaADC-11,tet(A),24,0.4795,1.8875510671226205e-30,3.289158136113673e-29,True
armA,ftsI_A515V,329,0.4786,4.6345283375762405e-121,3.3295427267324043e-119,True
blaOXA-402,tet(39),28,0.4751,8.317460253554774e-35,1.5695852413966268e-33,True
aadA1,adeC,580,0.4695,6.700748990876101e-138,6.3812946785203794e-136,True
adeC,armA,734,0.4691,6.04683498215977e-126,4.585516528137826e-124,True
adeS_N125K,blaOXA-65,36,0.4678,1.619376406388305e-39,3.299177305552293e-38,True
blaOXA-23,tet(B),807,0.4665,1.426349791079498e-119,9.899834566899228e-118,True
adeS_G336S,blaOXA-65,44,0.4655,4.082165931441179e-43,8.70649452565189e-42,True
adeC,gyrA_S81L,1220,0.4644,1.5384782875629489e-119,1.0500114312617125e-117,True
blaOXA-23,msr(E),770,0.4635,1.7085241093978952e-118,1.0931884731225595e-116,True
armA,blaADC-73,304,0.4627,1.1334923680704987e-113,6.727030793114046e-112,True
adeC,blaADC-30,525,0.462,7.21873042317665e-141,7.038262162597233e-139,True
aph(3')-VI,blaADC-199,25,0.4613,1.4933796581906903e-32,2.7300846876298555e-31,True
aac(3)-IIe,blaOXA-64,56,0.4596,1.9542452044206637e-48,4.470745314023809e-47,True
blaOXA-239,blaOXA-65,28,0.4586,4.854404746449789e-35,9.289153007809292e-34,True
blaOXA-66,ftsI_A515V,353,0.4582,2.37189069893531e-124,1.765980438570926e-122,True
aac(3)-IId,blaOXA-402,24,0.4571,7.65840151992247e-30,1.312182185108055e-28,True
blaOXA-23,mph(E),762,0.4555,2.280927296878121e-114,1.3940891463755084e-112,True
blaOXA-23,blaOXA-66,790,0.4552,7.910877449606115e-114,4.763976934726036e-112,True
blaOXA-402,floR,28,0.4545,1.2585856781662764e-33,2.353382809173928e-32,True
blaTEM-1,tet(B),525,0.4538,5.830627692196938e-112,3.316169499937008e-110,True
aph(3')-Ia,blaOXA-66,578,0.4535,1.1925806818497517e-110,6.599483638073963e-109,True
parC_S84L,tet(B),937,0.4534,4.10844151464985e-119,2.7580439348346124e-117,True
floR,tet(X5),23,0.4509,4.521060329936351e-31,8.084603515759544e-30,True
aac(6')-Ib4,aadA5,14,0.4483,2.0573365953415276e-20,2.7442323641444806e-19,True
blaADC-73,blaOXA-66,328,0.4481,1.0840861222101402e-121,7.92737976866165e-120,True
aph(3'')-Ib,blaOXA-23,911,0.4457,3.214420513849566e-108,1.687570769771022e-106,True
blaADC-30,sul1,417,0.4449,1.365493550772331e-103,6.656781060015113e-102,True
aac(6')-Ib',mph(E),347,0.4444,5.0762099292281443e-110,2.7716106213585668e-108,True
aph(6)-Id,blaTEM-1,581,0.4444,3.6631264928198935e-115,2.27280348304507e-113,True
aac(6')-Ian,blaOXA-64,63,0.4425,4.247763666526487e-49,9.883291030923843e-48,True
blaOXA-66,catB8,355,0.4421,1.3314092461448902e-112,7.788744089947607e-111,True
aac(3)-Ia,sul1,297,0.442,6.799707530568279e-107,3.437629918231741e-105,True
aac(6')-Ib',msr(E),347,0.4417,6.179268283450059e-109,3.329487318516841e-107,True
aac(6')-Ib',blaOXA-66,355,0.4406,1.179416607714268e-111,6.616042477520449e-110,True
aph(6)-Id,blaOXA-23,904,0.4406,9.589331953996227e-106,4.788818823367628e-104,True
catB8,mph(E),344,0.4388,5.823972431250084e-107,2.981145888246137e-105,True
catB8,msr(E),345,0.4385,3.54010626813939e-107,1.835029768105165e-105,True
aph(3'')-Ib,blaTEM-1,580,0.4385,3.5770042703480657e-112,2.0630749981796237e-110,True
adeC,parC_S84L,1112,0.4382,5.788282549134263e-104,2.855785185386121e-102,True
mph(E),tet(B),674,0.437,4.719601850325892e-103,2.2737375973040624e-101,True
blaOXA-95,parC_E88K,27,0.4332,6.0077386922882644e-30,1.0336844514672455e-28,True
msr(E),tet(B),674,0.432,9.949209721436501e-101,4.577754360593536e-99,True
gyrA_S81L,mph(E),940,0.4295,5.545320165739394e-119,3.6625945288230355e-117,True
armA,gyrA_S81L,846,0.4287,5.829678010775564e-134,4.8719451947195785e-132,True
gyrA_S81L,msr(E),943,0.4262,3.5542522201801995e-116,2.239178898713526e-114,True
blaADC-169,tet(39),28,0.4255,9.245381508208217e-31,1.6318895377634762e-29,True
blaADC-25,blaPER-1,23,0.4226,2.7763614382071445e-27,4.4937549760704567e-26,True
blaOXA-69,tet(A),35,0.4221,8.029803459261323e-36,1.580867556042073e-34,True
adeC,aph(3'')-Ib,943,0.4196,1.3107426890357015e-95,5.591136782917915e-94,True
aph(3')-Ia,catB8,295,0.419,2.3346175288541426e-87,8.691144346052467e-86,True
adeC,aph(6)-Id,937,0.4168,2.4239399667302406e-94,1.0128606289551362e-92,True
aadA2,blaOXA-95,31,0.4146,1.9300917332085891e-31,3.466546336618058e-30,True
blaADC-277,blaOXA-64,26,0.4145,8.037255755691571e-32,1.4563080672370348e-30,True
armA,blaTEM-1,445,0.4145,7.396997503048705e-89,2.804694886572634e-87,True
aadA1,blaOXA-66,473,0.4117,2.265742901990008e-91,8.836397317761032e-90,True
ftsI_A515V,msr(E),325,0.4114,1.7419224907207993e-93,7.133172599501673e-92,True
aac(6')-Ib',aph(3')-Ia,292,0.4105,8.531466026112332e-84,2.986013109139316e-82,True
adeC,aph(3')-Ia,651,0.4103,3.560232916381033e-96,1.5346477676400346e-94,True
aac(3)-IId,blaADC-169,24,0.4097,9.15880647900466e-27,1.4536942841676002e-25,True
ftsI_A515V,mph(E),323,0.4093,4.197243133605384e-92,1.6850696698151028e-90,True
blaADC-73,tet(B),315,0.4089,5.7998524622696434e-98,2.5815647644558904e-96,True
aph(3'')-Ib,sul2,754,0.4081,1.1642448116285911e-91,4.584213945787578e-90,True
blaADC-222,parC_E88K,25,0.4072,4.745686454571557e-27,7.621014129988442e-26,True
msr(E),parC_S84L,867,0.4072,3.4021507260237703e-96,1.4821071513901424e-94,True
blaADC-169,floR,28,0.4066,1.3614953673133953e-29,2.313412252758653e-28,True
armA,parC_S84L,779,0.4065,8.150167608711638e-100,3.7083262619637946e-98,True
mph(E),parC_S84L,861,0.4039,1.0852875298624778e-94,4.581703541017368e-93,True
ftsI_A515V,tet(B),333,0.4034,6.264112075988925e-93,2.5397563317994704e-91,True
adeC,blaTEM-1,574,0.4006,7.20788845824787e-94,2.9814447713661642e-92,True
aac(3)-IId,floR,36,0.4,8.910330368956438e-33,1.6362243435370677e-31,True
aac(6')-Ib4,blaOXA-58,20,0.3995,1.785304516615953e-24,2.738135578854804e-23,True
aph(6)-Id,sul2,745,0.3981,4.33610503934173e-87,1.5996711834328273e-85,True
blaADC-73,msr(E),300,0.3979,5.436232824484559e-88,2.04232783635452e-86,True
gyrA_S81L,sul1,869,0.3964,4.612162278922749e-102,2.1961400618824018e-100,True
blaADC-73,mph(E),298,0.3955,1.778347146514076e-86,6.444541207942604e-85,True
aac(3)-IId,aadT,27,0.3948,1.73685189578132e-27,2.822384330644645e-26,True
blaOXA-23,ftsI_A515V,359,0.3939,4.5864425415414397e-101,2.134259341774113e-99,True
blaADC-26,blaOXA-64,59,0.3909,5.445763843943643e-41,1.1320001492867623e-39,True
adeC,sul1,718,0.3884,4.351986777407405e-84,1.5363263666795968e-82,True
blaADC-73,blaOXA-23,331,0.381,1.1358682649424239e-96,5.001484456923899e-95,True
aac(3)-IId,blaOXA-58,32,0.3783,5.750726564393384e-29,9.69103921036663e-28,True
blaADC-30,tet(B),420,0.3773,2.6782858816418654e-77,8.989820233871671e-76,True
adeC,blaOXA-23,895,0.3733,1.0005034444730536e-75,3.226032759934767e-74,True
aadA5,blaOXA-72,21,0.3715,4.9388573227162624e-23,7.096358153165998e-22,True
floR,tet(39),38,0.3708,5.066718138026424e-31,9.020961206616611e-30,True
aph(3')-Ia,tet(B),538,0.3688,4.138293921977104e-73,1.2936117259920795e-71,True
aph(3')-Ia,armA,470,0.3681,6.652437187390577e-71,2.0179059468418082e-69,True
adeC,catB8,371,0.3669,2.2547720682873307e-89,8.629244504333288e-88,True
aac(6')-Ib',adeC,370,0.363,1.0431655266180748e-86,3.8140739566973357e-85,True
aph(3')-VI,blaADC-52,23,0.3584,1.6773950967033797e-23,2.4444601142349963e-22,True
aadA1,armA,394,0.3537,8.465510933853e-65,2.4242144946942682e-63,True
blaTEM-1,msr(E),452,0.3518,8.387570595202118e-66,2.4359646515852958e-64,True
blaADC-152,blaCARB-16,14,0.3511,5.341422207492875e-17,6.529290728263678e-16,True
blaTEM-1,parC_S84L,609,0.3497,5.088331125425543e-77,1.694041947855089e-75,True
aph(3')-Ia,blaADC-30,336,0.3496,8.481006794682971e-62,2.3308538808205884e-60,True
blaTEM-1,ftsI_A515V,236,0.3487,4.137844347608006e-58,1.0861841412471014e-56,True
aph(3'')-Ib,ftsI_A515V,345,0.3481,5.972019748972416e-76,1.940906418416035e-74,True
blaADC-73,blaTEM-1,222,0.348,1.3553067204943158e-57,3.5350197582319892e-56,True
blaTEM-1,mph(E),448,0.3476,3.3529468497243055e-64,9.469184379048987e-63,True
blaADC-11,catA1,22,0.3465,1.0167075754452507e-21,1.4018240812957245e-20,True
aph(6)-Id,ftsI_A515V,343,0.3462,1.4678931777215388e-74,4.659707412999768e-73,True
aph(6)-Id,blaADC-30,454,0.3453,6.642309682353083e-69,1.9854203028639326e-67,True
aac(3)-Ia,adeC,319,0.3453,1.5482502021419623e-82,5.3278021661944e-81,True
adeC,mph(E),734,0.3452,8.950592132723707e-66,2.5811742805284213e-64,True
blaOXA-104,blaPER-7,26,0.3441,1.5176456972547496e-23,2.2355248669993525e-22,True
aph(3'')-Ib,blaADC-30,455,0.3438,1.8463712347507795e-68,5.478905946597422e-67,True
armA,sul1,509,0.3424,2.970479174596345e-62,8.274906272089819e-61,True
aph(3')-Ia,sul1,474,0.3418,1.0309880889173217e-61,2.8145974827442883e-60,True
adeC,msr(E),735,0.3409,4.150166384924215e-64,1.1640363935797713e-62,True
aph(3')-VI,blaCARB-16,25,0.3402,4.230348626677079e-23,6.099745643043183e-22,True
aac(6')-Ib4,aph(3')-VI,18,0.3391,6.85023650255414e-20,8.990935409602308e-19,True
aph(3')-Ia,gyrA_S81L,737,0.3373,1.2060386769368649e-74,3.858381548481611e-73,True
aph(6)-Id,blaADC-73,317,0.3373,6.348123059738885e-72,1.9545536789196038e-70,True
aadA2,blaADC-222,25,0.3353,1.1524001286577856e-22,1.6442782323531818e-21,True
blaOXA-104,dfrA45,18,0.3348,5.089802304654764e-19,6.5749969834578094e-18,True
aph(3'')-Ib,blaADC-73,317,0.3347,5.644584047912802e-71,1.7249680355375316e-69,True
blaADC-30,parC_S84L,512,0.3346,1.5142743160292267e-74,4.7699640954920644e-73,True
armA,blaADC-30,350,0.3327,3.1430635639625047e-57,8.1461046167256055e-56,True
blaOXA-104,cmlA5,28,0.3307,1.5835325948329104e-23,2.3242171956418526e-22,True
blaTEM-1,gyrA_S81L,643,0.3306,1.753490921141755e-77,5.93433497692189e-76,True
aph(3')-VI,blaOXA-91,25,0.3289,2.7633039053140307e-22,3.8885668358285075e-21,True
aph(3')-Ia,aph(6)-Id,586,0.3276,1.1005226756585836e-59,2.9263898420921427e-58,True
arr-2,blaOXA-104,28,0.3263,3.329688376198147e-23,4.81804731467541e-22,True
aph(3'')-Ib,aph(3')-Ia,587,0.3248,9.131105120166466e-59,2.4123790623923664e-57,True
aac(3)-IIe,blaADC-26,42,0.3157,2.9271471074689078e-27,4.719160395702826e-26,True
aadA2,blaCARB-2,17,0.3154,7.737689027274873e-18,9.7195817689235e-17,True
blaADC-30,gyrA_S81L,536,0.3116,5.415581345430973e-77,1.7884520652854705e-75,True
msr(E),sul1,543,0.3111,4.487635890226774e-52,1.0873886964780262e-50,True
aadT,blaNDM-1,37,0.3111,1.4689308985973647e-26,2.3224988531877254e-25,True
blaADC-199,blaNDM-1,25,0.3106,6.3651498188407755e-24,9.618187641384862e-23,True
blaADC-152,blaOXA,21,0.3091,2.6183006989075452e-20,3.469883935930873e-19,True
mph(E),sul1,539,0.3083,3.739230663764513e-51,8.90241253960214e-50,True
aph(3')-Ia,parC_S84L,669,0.3078,4.873784185376181e-56,1.23963641236742e-54,True
blaADC-199,ble,25,0.3071,1.0677183458709741e-23,1.5899296823060506e-22,True
aadA1,gyrA_S81L,595,0.3063,5.6829984876158e-66,1.6622770576276214e-64,True
blaADC-176,tet(A),13,0.304,1.9832449303676202e-14,2.1657034639614414e-13,True
ftsI_A515V,parC_S84L,367,0.3027,3.587945035393199e-70,1.080340802936408e-68,True
blaADC-26,blaPER-7,33,0.3027,1.477560582884318e-23,2.184335951953532e-22,True
aacA16,blaOXA-72,20,0.3019,3.123818066059339e-18,3.9603823469080475e-17,True
aac(6')-Ian,blaADC-152,20,0.3004,4.0983621766734745e-19,5.311010478948695e-18,True
aph(3')-Ia,mph(E),476,0.3002,2.5433542409526926e-48,5.786130898167375e-47,True
aadT,ble,36,0.2978,6.47363489837037e-25,1.0041490495767676e-23,True
adeS_G336S,blaADC,56,0.2967,8.906083609403747e-32,1.6066260960576365e-30,True
blaOXA-69,catA1,32,0.296,1.5331089840808767e-22,2.1723464670626955e-21,True
aadA5,aadT,14,0.2948,1.0419832119955253e-14,1.1626488428124457e-13,True
aph(3')-Ia,msr(E),475,0.2945,1.3324073941268295e-46,2.9653305863855254e-45,True
adeS_N125K,blaADC,44,0.2924,2.2099409182654883e-30,3.8346220594479553e-29,True
blaADC-73,parC_S84L,337,0.2917,1.3915084265310978e-67,4.099443889672551e-66,True
blaNDM-1,cmlA5,43,0.2916,1.5530763141099916e-25,2.436723182482918e-24,True
aadA1,blaTEM-1,304,0.2916,3.858038655782642e-43,8.271554081376922e-42,True
blaADC-11,blaADC-176,13,0.2907,6.471951671750474e-14,6.883803141770959e-13,True
blaADC-30,blaTEM-1,277,0.2899,3.510449819068583e-42,7.371944620044025e-41,True
blaTEM-1,catB8,218,0.2875,1.7834554517949962e-40,3.669974912110809e-39,True
arr-2,blaNDM-1,43,0.287,5.343568049438569e-25,8.320118312718989e-24,True
adeC,blaADC-73,304,0.2858,1.0583296380168378e-50,2.5051213107970813e-49,True
catB8,tet(B),290,0.284,3.1924313775927646e-44,6.916934651450989e-43,True
blaADC-26,cmlA5,35,0.2835,2.9540095613393564e-22,4.142694915645433e-21,True
aac(6')-Ian,blaADC-26,45,0.2835,1.6251936714426764e-24,2.5019428889314886e-23,True
aac(3)-Ia,aacA16,38,0.2824,1.7180995716680876e-26,2.7060068253772383e-25,True
ble,cmlA5,42,0.2798,4.882161277459696e-24,7.404611270813872e-23,True
blaADC-26,blaOXA-104,32,0.2794,3.863273586057568e-21,5.221156876206515e-20,True
arr-2,blaADC-26,35,0.2792,7.583009726195494e-22,1.0526245704667983e-20,True
aac(6')-Ib4,blaOXA-65,16,0.2773,1.4729193657723218e-15,1.7038431646434064e-14,True
aac(6')-Ian,sul2,129,0.2773,9.590579227297452e-47,2.1460886303706594e-45,True
ant(2'')-Ia,blaOXA-95,31,0.2758,3.83198929706164e-21,5.1960252223402037e-20,True
gyrA_S81L,sul2,868,0.2754,2.4260611610816324e-44,5.284425773738981e-43,True
arr-2,ble,42,0.2753,1.597982799373098e-23,2.3370498440831557e-22,True
adeC,ftsI_A515V,321,0.2738,2.3390927676085944e-45,5.149776819009244e-44,True
aac(6')-Ib',blaTEM-1,213,0.2737,6.071498484120548e-37,1.2069313734210505e-35,True
aac(6')-Ib',tet(B),286,0.2735,5.093933006345772e-41,1.0642681459686702e-39,True
aadA1,tet(B),407,0.2732,1.4565654287518448e-40,3.01244213673677e-39,True
parC_S84L,sul1,741,0.2728,1.052974487523955e-42,2.2226446012425753e-41,True
blaADC,blaOXA-239,32,0.2716,4.789267348969488e-27,7.66095695079299e-26,True
aac(3)-Ia,tet(A),37,0.2694,2.1484734881390566e-24,3.2828354231079985e-23,True
aac(3)-Ia,blaADC-30,164,0.2662,2.2298224242673115e-33,4.113118390709297e-32,True
aadA1,parC_S84L,534,0.2656,6.8362055811420756e-43,1.450479888848539e-41,True
aac(3)-Ia,aph(3')-Ia,205,0.263,3.742909657628428e-35,7.195875609384231e-34,True
ant(2'')-Ia,blaADC-152,21,0.2626,1.3388321995167948e-17,1.6664188015262231e-16,True
blaADC-76,blaPER-7,18,0.2623,5.5253638551972235e-15,6.302608631485412e-14,True
aadA1,mph(E),382,0.262,4.9385675956462e-37,9.865089904473751e-36,True
catB8,parC_S84L,361,0.2614,3.90781558806539e-46,8.650002612501498e-45,True
blaOXA-69,sat2,21,0.2607,1.5284837572097073e-16,1.819517728422602e-15,True
blaNDM-1,blaOXA-58,40,0.2607,1.6635088350830339e-21,2.2782838393528506e-20,True
blaNDM-1,dfrA45,24,0.2595,2.4422605293113346e-18,3.115594039728946e-17,True
aac(6')-Ib',parC_S84L,361,0.2595,2.5841397390857562e-45,5.658851460725226e-44,True
aac(3)-Ia,catA1,46,0.2589,8.982959723840852e-24,1.3425262798951931e-22,True
aac(6')-Ib3,blaADC-11,12,0.2589,4.360090656732901e-12,4.271428526153404e-11,True
blaOXA-58,ble,40,0.2572,3.6607448131127206e-21,4.980315617839399e-20,True
aadA1,msr(E),381,0.2568,1.1486670258860775e-35,2.239900700477851e-34,True
ble,dfrA45,24,0.2564,3.950174970851317e-18,4.99258225482597e-17,True
blaOXA-68,dfrA45,12,0.2559,5.530249254061964e-12,5.3537519374429656e-11,True
blaOXA-69,dfrA1,23,0.2554,1.03773715294799e-16,1.249862835682947e-15,True
blaOXA-66,sul1,529,0.2547,1.5437530405400343e-35,2.981919198590302e-34,True
aac(6')-Ib4,blaNDM-1,20,0.2528,7.430900796226369e-17,9.002822118505023e-16,True
aac(6')-Ib3,aadA2,16,0.2527,7.535871129927876e-14,7.953451617797591e-13,True
aadT,blaADC-76,16,0.2526,1.2062301460824366e-13,1.2600797061754025e-12,True
arr-2,sul1,87,0.2504,9.951735313722267e-39,2.0075052270784573e-37,True
blaOXA-23,catB8,306,0.2502,3.0364555271868784e-36,6.006901151608824e-35,True
aac(6')-Ib4,ble,20,0.2499,1.1103360877893147e-16,1.3333801406150275e-15,True
catB8,gyrA_S81L,381,0.2494,3.7415519225468267e-50,8.805548921166239e-49,True
ftsI_A515V,gyrA_S81L,369,0.2491,4.01874082901993e-52,9.795680770736079e-51,True
aac(6')-Ib',blaOXA-23,306,0.2487,8.119326514476739e-36,1.5908441185063276e-34,True
blaADC-30,blaOXA-23,399,0.2479,7.750199209774795e-35,1.4693086001864716e-33,True
cmlA5,sul1,85,0.2474,7.935268670887189e-38,1.59288849055309e-36,True
aac(6')-Ib',gyrA_S81L,381,0.2472,1.4451885025068203e-48,3.3247454594187806e-47,True
blaOXA-23,blaTEM-1,468,0.2467,3.2089308126672478e-34,6.027785173335954e-33,True
blaADC-52,blaNDM-1,24,0.2464,3.9143096112216645e-17,4.828041523479734e-16,True
blaADC-76,dfrA45,12,0.2459,1.3582183617975788e-11,1.2934660910607175e-10,True
blaADC,blaOXA-65,62,0.2454,8.436975479559435e-24,1.2655463219339154e-22,True
blaADC-52,ble,24,0.2434,6.297690308886617e-17,7.675310063955565e-16,True
armA,arr-2,83,0.243,2.1177477345231722e-33,3.9240619786752896e-32,True
aph(3')-VIa,dfrA45,30,0.2405,2.8071442901935257e-20,3.6962237518786137e-19,True
blaCARB-16,blaNDM-1,27,0.2399,3.933989483313619e-17,4.837743824074856e-16,True
armA,cmlA5,81,0.2397,1.722851486574613e-32,3.135589705565796e-31,True
blaADC-176,catA1,13,0.2394,7.937981648359149e-12,7.612654531623118e-11,True
aadA5,blaOXA-65,16,0.2378,3.3639218569454214e-13,3.435226933713591e-12,True
blaADC-30,mph(E),334,0.2371,1.4185919614170126e-30,2.4931905931341918e-29,True
blaCARB-16,ble,27,0.2369,6.674337033175316e-17,8.11021072725606e-16,True
blaADC-73,gyrA_S81L,337,0.2362,3.0846641307031864e-47,6.978839566425165e-46,True
aadA5,blaOXA-58,14,0.235,3.937589259978232e-12,3.876064427791072e-11,True
floR,sul2,96,0.2345,2.0135538307100666e-33,3.747955880344419e-32,True
aadA2,parC_E88K,20,0.2338,4.932383936137514e-14,5.273658542684888e-13,True
aadA2,sul1,86,0.2307,1.5085617110813615e-30,2.6399829943923827e-29,True
blaADC-33,blaOXA,23,0.2305,7.194480607229164e-15,8.116087627163478e-14,True
aph(6)-Id,catB8,302,0.2302,6.3242559077745685e-31,1.1211180927418554e-29,True
blaADC-30,msr(E),332,0.23,6.70854818714139e-29,1.1258813453419668e-27,True
blaADC-26,dfrA45,18,0.2284,1.512558443861263e-13,1.5680827411675624e-12,True
arr-2,blaADC-76,18,0.2281,4.5459078441400934e-13,4.63071955765017e-12,True
aph(3')-VIa,gyrA_S81L,344,0.2274,2.577240288178404e-40,5.276899490045282e-39,True
aph(3'')-Ib,catB8,302,0.2273,3.1549321923234996e-30,5.451243598128579e-29,True
sul2,tet(B),556,0.2268,1.319214580658551e-28,2.1960096373157585e-27,True
aac(3)-Ia,blaOXA-69,61,0.2257,1.8195138926070433e-20,2.4349377092241315e-19,True
aadA1,blaOXA-23,431,0.2256,7.082785779932377e-29,1.1838370517886971e-27,True
aadA1,sat2,41,0.2252,2.3173859307107257e-25,3.622021139794055e-24,True
blaADC-176,blaOXA-69,17,0.2226,8.431265906006624e-13,8.503949232782544e-12,True
blaNDM-1,blaOXA-91,26,0.2204,3.504521659947747e-15,4.008663742314532e-14,True
arr-2,sul2,84,0.2203,7.778147986354626e-30,1.327146500171758e-28,True
ant(2'')-Ia,blaADC-222,25,0.2192,9.255561946288705e-15,1.0383979772617054e-13,True
blaOXA-91,ble,26,0.2175,5.772137960789301e-15,6.547619099565702e-14,True
cmlA5,sul2,82,0.2173,4.791503594985981e-29,8.107936868375038e-28,True
aac(6')-Ib',aph(6)-Id,297,0.2173,1.3816833073368534e-27,2.263197257417766e-26,True
catA1,sul1,70,0.2169,4.436838650242772e-28,7.296728623592028e-27,True
aac(6')-Ib',aph(3'')-Ib,298,0.2167,1.7083529277763542e-27,2.787133561451861e-26,True
aph(3')-VIa,ble,81,0.2155,2.7533272735137265e-20,3.63705651130281e-19,True
blaADC-154,tet(39),11,0.2145,4.5741396013764625e-10,4.054351010310956e-09,True
blaADC-222,blaCARB-2,9,0.2145,5.732532343977811e-09,4.723283691869042e-08,True
aac(6')-Ib3,aph(3')-VIa,28,0.2125,2.0692838393462544e-16,2.4561499484414233e-15,True
blaPER-7,sul1,67,0.2118,8.783105068093741e-27,1.399486974857738e-25,True
aph(3')-VIa,blaNDM-1,79,0.2114,1.3506610683042317e-19,1.767078937605696e-18,True
blaCARB-2,blaOXA-95,9,0.2101,8.041200043770007e-09,6.572597640566504e-08,True
blaNDM-1,blaOXA-104,30,0.2067,1.4759065815526413e-14,1.6290666985062174e-13,True
aac(6')-Ian,adeS_N125K,19,0.2067,3.1694421670863687e-12,3.134991708748473e-11,True
aadA5,blaADC-152,7,0.2052,1.2777011899220295e-07,9.798101821593091e-07,True
blaOXA-104,ble,30,0.2038,2.582307998973024e-14,2.804920757505181e-13,True
arr-2,mph(E),80,0.2036,1.3971574512451895e-24,2.159003684093981e-23,True
arr-2,msr(E),80,0.2024,2.2748215758759177e-24,3.4629718785174287e-23,True
blaADC-76,cmlA5,16,0.2023,5.4712946688065964e-11,5.055267740954116e-10,True
aadA1,dfrA1,43,0.2022,2.0529550551364913e-19,2.6688415716774385e-18,True
blaOXA-72,tet(X5),10,0.2022,4.235746984855371e-09,3.532664746024999e-08,True
aacA16,parC_E88K,12,0.2011,1.1619592605172201e-09,1.0017311940669508e-08,True
armA,blaPER-7,63,0.2008,1.4197701042155817e-22,2.01873561693153e-21,True
aph(3')-Ia,blaOXA-23,506,0.2007,5.285829801695647e-23,7.568347216064222e-22,True
cmlA5,mph(E),78,0.2005,7.88001065403818e-24,1.1863471922164097e-22,True
aac(3)-IIe,sul2,88,0.2004,2.2456560402181075e-23,3.260979249891188e-22,True
aadA2,blaOXA-82,17,0.1998,3.999474410480704e-11,3.722238116117837e-10,True
blaNDM-1,blaPER-7,28,0.1996,1.1911471933851508e-13,1.2475058201821465e-12,True
cmlA5,msr(E),78,0.1993,1.2658546097126267e-23,1.87814298071493e-22,True
aadA5,ant(2'')-Ia,18,0.1992,6.933960295391179e-12,6.692249100539832e-11,True
aac(3)-Ia,blaOXA-66,219,0.1992,3.010293649504785e-22,4.207219281475118e-21,True
blaOXA-23,sul1,575,0.1984,1.872355532541163e-22,2.643895139915884e-21,True
aac(3)-Ia,gyrA_S81L,312,0.197,1.4680276947385499e-28,2.4338353886454903e-27,True
blaPER-7,ble,28,0.1968,2.0018929990092851e-13,2.0649248944440864e-12,True
blaOXA-68,cmlA5,15,0.1964,2.1552912907766222e-10,1.93976216169896e-09,True
aadA1,aph(6)-Id,423,0.1956,4.1622726605014015e-22,5.797451205698381e-21,True
blaOXA,blaOXA-82,21,0.1954,6.945557674552939e-12,6.692249100539832e-11,True
aadT,blaOXA-65,18,0.1954,3.732253621094562e-11,3.4894015019137514e-10,True
arr-2,blaOXA-68,15,0.1935,3.0528075323183646e-10,2.7295298787868346e-09,True
aadA1,aph(3'')-Ib,423,0.1917,2.600020827657426e-21,3.549028429752386e-20,True
aadT,blaOXA-68,12,0.1913,3.337995999420401e-09,2.812570703215338e-08,True
adeS_H189Y,sul2,75,0.191,1.2143630661869399e-21,1.668730455045476e-20,True
arr-2,dfrA1,14,0.19,8.676763806317903e-10,7.543810570461106e-09,True
aph(3')-VIa,blaOXA-65,50,0.1899,2.584361188368355e-15,2.9811152299629335e-14,True
aph(3')-VIa,cmlA5,42,0.189,9.59625556775155e-15,1.0736794139328578e-13,True
parC_S84L,sul2,747,0.188,1.2510400111075338e-20,1.6796750313066725e-19,True
aadA5,aph(3')-VI,12,0.1866,4.137892207707329e-09,3.458095630726839e-08,True
aadT,aph(3')-VI,16,0.1858,4.4576367839884306e-10,3.95965783740404e-09,True
aacA16,aadA5,8,0.1857,1.6666453134093037e-07,1.2709334373205025e-06,True
aph(3')-VIa,arr-2,42,0.185,2.7431319453158893e-14,2.9717262740922133e-13,True
aph(3')-VI,blaOXA-58,20,0.1848,7.572832217029217e-11,6.953082495231983e-10,True
blaPER-7,mph(E),64,0.1835,2.602674480975474e-20,3.4603740258423917e-19,True
blaOXA-82,sul1,57,0.183,1.719275090617357e-19,2.242175635693655e-18,True
sul1,tet(A),47,0.1824,5.943110164461727e-21,8.005603987983806e-20,True
ant(2'')-Ia,parC_E88K,24,0.1824,1.3898590567218043e-11,1.3205273404352179e-10,True
aph(3')-VIa,sul1,206,0.1822,1.9293240969119798e-18,2.4689319302670493e-17,True
mph(E),sul2,500,0.1814,7.070020256611694e-19,9.07577835449056e-18,True
blaOXA-58,floR,20,0.1809,1.367827798981337e-10,1.247495509315941e-09,True
arr-2,sat2,12,0.1807,8.937471135398991e-09,7.290626354473879e-08,True
blaADC-26,sul2,109,0.1793,2.663474759056501e-18,3.387245074017507e-17,True
aadA5,blaADC,24,0.1784,1.783732029475423e-12,1.781556746512648e-11,True
aac(6')-Ian,adeS_G336S,21,0.1777,1.3230936097679895e-10,1.2093902526785529e-09,True
blaPER-7,msr(E),63,0.1773,6.381701760318182e-19,8.217946134749356e-18,True
aac(6')-Ib4,ant(2'')-Ia,14,0.1763,1.5169276608852664e-09,1.2941289106927429e-08,True
aph(3')-VIa,blaADC-33,31,0.1758,1.4186873616910143e-12,1.4204216983189984e-11,True
aac(6')-Ib4,floR,10,0.1753,5.155575081437342e-08,4.0678381422901575e-07,True
sul1,tet(B),491,0.1751,1.0279438921766125e-17,1.2833628775802524e-16,True
aph(3')-VIa,sul2,215,0.174,3.2888019238218146e-17,4.068774585513695e-16,True
blaCARB-16,floR,14,0.1737,5.855349743202389e-09,4.814790602091122e-08,True
msr(E),sul2,498,0.1735,2.0536840614372098e-17,2.5484352216925377e-16,True
aadA1,tet(A),37,0.1723,2.174782118829783e-14,2.368545951225521e-13,True
blaPER-7,sul2,62,0.1719,1.009524491086998e-17,1.2642210370034425e-16,True
blaNDM-1,sul2,138,0.1711,1.1150129106668707e-16,1.33508124829849e-15,True
blaADC-26,blaNDM-1,39,0.17,5.348685465860193e-12,5.190252839501775e-11,True
aph(6)-Id,sul1,569,0.1685,1.1296532297197713e-16,1.3486676314001351e-15,True
aac(6')-Ian,blaCARB-16,16,0.1684,3.6603885678096175e-09,3.071576062536964e-08,True
aadA2,blaADC-33,14,0.1681,1.2351931701449437e-08,9.976560220401468e-08,True
adeC,blaADC-25,80,0.168,7.866261531269422e-22,1.088254762518523e-20,True
blaTEM-1,sul1,334,0.1678,3.672986944793305e-16,4.334547993927546e-15,True
blaOXA-58,blaOXA-65,20,0.1678,9.977433309936123e-10,8.619744600039751e-09,True
ble,sul2,139,0.1676,4.570272438420927e-16,5.347218752952484e-15,True
blaNDM-1,mph(E),136,0.1672,5.731343245783216e-16,6.667571190762008e-15,True
armA,dfrA45,36,0.1665,4.716673727333829e-17,5.782867938153303e-16,True
aac(3)-IId,mph(E),63,0.1655,3.2441463434597897e-16,3.839531582794173e-15,True
aph(3'')-Ib,sul1,570,0.165,4.530714776605262e-16,5.316125217821934e-15,True
aac(3)-IId,msr(E),63,0.1644,4.657292898027198e-16,5.433508381031731e-15,True
aph(3')-VIa,blaOXA-58,39,0.1642,7.730074799934722e-12,7.430670494303448e-11,True
blaADC-152,floR,10,0.164,1.6519841570085305e-07,1.2621035677145395e-06,True
aac(3)-Ia,blaTEM-1,149,0.1634,1.6077490874270844e-14,1.7650757407543996e-13,True
aac(6')-Ib3,ant(2'')-Ia,16,0.1633,4.678634659166344e-09,3.886208707765959e-08,True
aph(3')-VIa,blaOXA-82,31,0.1633,2.6589916425899273e-11,2.5088872756695284e-10,True
aac(6')-Ian,blaOXA-65,25,0.163,4.618630380514652e-10,4.0849441486409284e-09,True
blaADC-33,sul1,50,0.1616,3.4566719962448488e-15,3.96500611333968e-14,True
aac(3)-Ia,blaOXA-72,36,0.1612,2.767664862278229e-11,2.6054224393170915e-10,True
cmlA5,dfrA1,12,0.1612,8.02640141636264e-08,6.272540801527675e-07,True
aph(3')-Ia,ftsI_A515V,184,0.1609,1.675972346156115e-14,1.8350552827564952e-13,True
blaADC-26,ble,38,0.1607,4.763908642242e-11,4.413621242077147e-10,True
blaNDM-1,msr(E),134,0.1593,1.1647193804108501e-14,1.2960668105387042e-13,True
dfrA45,sul1,36,0.1593,3.7156244653412543e-16,4.372264995854148e-15,True
sat2,sul2,41,0.159,7.826996369763172e-17,9.454734552855514e-16,True
ant(2'')-Ia,aph(3')-VIa,63,0.159,3.572331528468552e-12,3.5249873756816195e-11,True
aac(3)-IId,blaCARB-2,8,0.1579,1.3747783629803193e-06,9.894055178215127e-06,True
aph(3')-VIa,blaOXA-239,20,0.1578,5.494453921799615e-10,4.828280860465542e-09,True
aac(3)-Ia,tet(B),205,0.1577,1.4045827230321151e-14,1.5545314191395977e-13,True
aadA5,sul1,35,0.157,1.0095118906994455e-15,1.1710909893524728e-14,True
blaOXA-68,blaPER-7,11,0.1567,2.3846323304124606e-07,1.8050035846652543e-06,True
aac(3)-IId,blaNDM-1,24,0.1562,1.4100676233198098e-09,1.2054753481199626e-08,True
aph(3')-VIa,sat2,23,0.155,5.650991070666969e-10,4.95520523220155e-09,True
aph(3')-VIa,blaPER-7,32,0.1548,1.5745298009641645e-10,1.429645129700278e-09,True
aac(3)-Ia,sat2,22,0.1546,9.827570015618718e-10,8.526249833465815e-09,True
aadA1,catA1,46,0.1544,4.6545827749027664e-12,4.5490492752331335e-11,True
aac(3)-IId,ble,24,0.1538,2.1363711821010743e-09,1.8188024928698337e-08,True
aadT,sul2,52,0.153,3.368486904202507e-14,3.620460334044427e-13,True
blaADC,blaOXA-51,30,0.1525,2.8096748986054676e-10,2.517640855533783e-09,True
ble,mph(E),133,0.1516,2.1144996381514904e-13,2.1755969895051137e-12,True
aadA2,blaADC-11,12,0.1509,2.51905189018354e-07,1.9032320092807372e-06,True
aadA5,parC_E88K,8,0.1508,2.6508110746152337e-06,1.865132534458657e-05,True
tet(39),tet(X5),8,0.1504,2.338626431395939e-06,1.6540026315313248e-05,True
aacA16,blaOXA-66,44,0.1501,1.2610997452137276e-14,1.399513131883527e-13,True
blaOXA-23,sul2,588,0.1501,1.5063385023364476e-13,1.56559801194613e-12,True
dfrA45,mph(E),36,0.1499,5.63687555352156e-15,6.411945942130774e-14,True
aac(6')-Ib3,sul1,36,0.1499,1.0771046277502827e-13,1.130959859137797e-12,True
aph(3')-VIa,parC_S84L,290,0.1496,1.5572890712801146e-14,1.7142738566914165e-13,True
dfrA45,msr(E),36,0.1491,7.073587197568191e-15,8.001751263547441e-14,True
dfrA45,sul2,36,0.1488,7.627269280571267e-15,8.580677940642675e-14,True
ant(2'')-Ia,blaOXA,33,0.1485,1.3196638366573804e-09,1.1329189541115247e-08,True
cmlA5,sat2,10,0.1485,9.08901708522145e-07,6.575887802823646e-06,True
aacA16,tet(B),44,0.1475,2.8204995727139395e-14,3.0474790897793093e-13,True
aac(3)-Ia,dfrA1,24,0.1468,3.2141191109824375e-09,2.713776857623316e-08,True
aac(6')-Ian,blaOXA-239,11,0.1463,5.254792342518078e-07,3.858989316546776e-06,True
blaOXA-235,catB8,21,0.1459,3.5280321029665262e-09,2.9665896225149744e-08,True
aac(6')-Ib',blaOXA-235,21,0.1456,3.7074736436520023e-09,3.1047248610950816e-08,True
blaOXA-58,tet(39),16,0.1455,1.0320892750987829e-07,7.989424539753338e-07,True
aph(3'')-Ib,cmlA5,77,0.1452,3.00286236750719e-14,3.235979314458406e-13,True
arr-2,blaOXA-23,77,0.1448,7.319957671907913e-14,7.745536606321165e-13,True
ble,msr(E),131,0.1438,3.1469097506339134e-12,3.120241023933626e-11,True
aac(6')-Ian,parC_S84L,125,0.1438,2.8794940065189306e-15,3.312226954127815e-14,True
blaADC-79,tet(A),6,0.1435,2.185895070759779e-05,0.0001450768284402155,True
aacA16,blaADC-30,30,0.1432,5.068391586081485e-10,4.463454525807244e-09,True
blaOXA-23,blaPER-7,64,0.1432,5.044263902393172e-14,5.379234552161469e-13,True
aac(6')-Ib3,blaOXA-69,12,0.1426,5.267826686079726e-07,3.858989316546776e-06,True
blaOXA-23,cmlA5,75,0.1421,2.300227287493235e-13,2.3607595845325302e-12,True
aph(6)-Id,cmlA5,76,0.1419,1.5839107460482697e-13,1.6379077032999152e-12,True
aac(6')-Ian,gyrA_S81L,133,0.1415,4.2685800566220895e-18,5.378410871343833e-17,True
blaOXA-69,fos,19,0.1415,7.10834723626349e-08,5.58707906573877e-07,True
blaADC-25,blaOXA-66,64,0.1404,5.027344017711205e-12,4.8900175184150565e-11,True
blaOXA-239,sul2,32,0.1402,2.940320968654995e-13,3.010153591660551e-12,True
adeC,catA1,68,0.1394,6.615638875209041e-14,7.018404454399228e-13,True
aac(3)-IId,sul2,58,0.1393,1.0804054852316659e-11,1.0337057154260916e-10,True
aph(3'')-Ib,arr-2,77,0.1388,6.034502812611501e-13,6.10155284386274e-12,True
aadA5,blaNDM-1,14,0.1386,2.893306892772985e-07,2.169980169579739e-06,True
aph(3'')-Ib,blaADC-25,72,0.1385,4.971125951033115e-13,5.05130540185623e-12,True
aac(6')-Ib4,sul1,27,0.1377,2.919697522349252e-12,2.901980911169948e-11,True
aadA5,ble,14,0.1366,3.712919380135911e-07,2.7745264346088607e-06,True
aph(3')-VIa,aph(6)-Id,241,0.1365,1.2014420892417344e-11,1.1468310851852919e-10,True
aac(3)-Ia,blaADC-11,23,0.1358,3.120638795444192e-08,2.486189857459916e-07,True
aph(6)-Id,arr-2,76,0.1356,2.638528927984241e-12,2.6288992603638603e-11,True
aadT,ant(2'')-Ia,18,0.1353,1.8536594245270896e-07,1.4082996926601913e-06,True
aac(6')-Ib4,aph(3')-VIa,16,0.135,9.430635779485665e-08,7.314101044885189e-07,True
aac(3)-Ia,parC_S84L,266,0.135,4.7064315330734264e-12,4.588770744746591e-11,True
dfrA1,sul2,43,0.1342,3.921477571425938e-11,3.657961424826701e-10,True
aph(3'')-Ib,aph(3')-VIa,241,0.1337,2.978755072658026e-11,2.797706885902435e-10,True
aadA5,mph(E),33,0.1335,2.0069279770031727e-11,1.9024004782009241e-10,True
aacA16,aph(6)-Id,46,0.1333,1.0070902253625082e-13,1.0601631035628462e-12,True
adeC,blaADC-11,51,0.1333,4.5855669247398635e-14,4.915679726913545e-13,True
adeS_H189Y,tet(B),65,0.1332,5.481169418763437e-11,5.055267740954116e-10,True
aadA5,msr(E),33,0.1328,2.4504771238389346e-11,2.3174835616906321e-10,True
aac(6')-Ib4,blaCARB-2,4,0.1327,0.00025859306962801174,0.001566477248708148,True
aacA16,aph(3'')-Ib,46,0.1324,1.3575492185461623e-13,1.4145455597828332e-12,True
aph(3')-Ia,blaADC-73,160,0.1318,2.611520105374474e-10,2.3452137788395767e-09,True
aadA5,floR,9,0.131,8.179916414211986e-06,5.6202613617782015e-05,True
ant(2'')-Ia,blaADC-11,16,0.1304,6.076892138486381e-07,4.443727376268166e-06,True
ant(2'')-Ia,sul1,110,0.1302,3.7185173223323237e-10,3.31028879020671e-09,True
aadT,blaCARB-2,6,0.1301,5.5112541397296233e-05,0.0003565337393711344,True
blaADC-25,blaTEM-1,47,0.1301,2.718322023596302e-09,2.3046643243533864e-08,True
aph(3')-VIa,dfrA1,23,0.1297,8.361360484874066e-08,6.521861178201773e-07,True
adeC,blaOXA-69,110,0.1295,4.0390625198538334e-11,3.750558054149988e-10,True
dfrA1,tet(X5),5,0.1286,0.0001300219332572751,0.0008104106798912352,True
adeC,tet(A),47,0.1279,5.272579652692698e-13,5.344359821231831e-12,True
blaADC-25,tet(B),62,0.1276,3.465857489702799e-10,3.09208854473485e-09,True
blaCARB-2,sul1,27,0.1269,4.901985776352755e-10,4.3262137401216665e-09,True
blaOXA-58,sul2,64,0.1266,7.954500153845239e-10,6.930569814892821e-09,True
aacA16,adeC,46,0.1265,9.700381349981596e-13,9.759966002008511e-12,True
aac(6')-Ib3,tet(A),6,0.1265,7.381709447349718e-05,0.000468652716075924,True
adeS_H189Y,aph(6)-Id,71,0.1254,1.2764769411306517e-10,1.16938994942506e-09,True
aac(6')-Ib4,blaOXA-120,4,0.1253,0.00038248045317839757,0.00226011176878144,True
ant(2'')-Ia,blaCARB-2,11,0.1251,4.733319455930699e-06,3.29641890680888e-05,True
adeS_H189Y,aph(3'')-Ib,71,0.1241,1.8714241126296205e-10,1.6879915729555718e-09,True
sul2,tet(X5),25,0.1237,1.7113687439811402e-10,1.5504546474784888e-09,True
aph(3')-VI,blaOXA-120,8,0.1235,2.6951491094301072e-05,0.00017801025166316596,True
blaADC-30,ftsI_T526S,26,0.1229,7.684576542613318e-08,6.016891193499338e-07,True
aadA2,adeS_N125K,10,0.1226,1.3194826386317001e-05,8.916305949169656e-05,True
aac(3)-IIe,aph(3'')-Ib,82,0.1219,5.704044306572704e-10,4.991038768251116e-09,True
ant(2'')-Ia,blaCARB-16,15,0.1216,2.6429199018663553e-06,1.8627808946889373e-05,True
adeS_N125K,aph(3')-VIa,22,0.1214,4.281954689228432e-07,3.1708145483527e-06,True
blaOXA-402,sul2,32,0.1208,2.407249261538651e-09,2.045163013693107e-08,True
ant(2'')-Ia,blaOXA-100,10,0.1204,1.1346576124983228e-05,7.705510652040849e-05,True
blaADC-152,blaOXA-72,7,0.1203,6.090847878282138e-05,0.0003915545064609946,True
ant(2'')-Ia,blaOXA-82,17,0.12,2.2354206821016457e-06,1.583745275641218e-05,True
blaOXA-65,sul2,75,0.1197,6.347541344413605e-09,5.198636361074743e-08,True
aac(3)-IId,aac(6')-Ib4,6,0.119,0.00012106169963567841,0.0007580239449665186,True
aadA5,sul2,31,0.1183,5.328794547668162e-09,4.4083663985254796e-08,True
blaADC-11,sul1,39,0.1183,1.4393182520871887e-08,1.1556878906464779e-07,True
ant(2'')-Ia,blaOXA-58,21,0.1177,1.6654914298030208e-06,1.1881859590667892e-05,True
blaOXA-66,blaOXA-72,62,0.1174,9.657831794440111e-09,7.831449742224208e-08,True
blaOXA-82,parC_S84L,62,0.1174,4.2946891749137604e-12,4.21744656385416e-11,True
adeS_H189Y,blaPER-7,11,0.1173,1.6892184098480086e-05,0.00011321357427704739,True
aph(3')-VIa,blaOXA-104,28,0.1173,5.141593700502891e-07,3.7868392452444853e-06,True
adeS_G336S,aph(3')-VIa,28,0.1173,5.141593700502891e-07,3.7868392452444853e-06,True
aadT,aph(3')-VIa,24,0.1172,7.416795795137786e-07,5.385067159767594e-06,True
aac(6')-Ib3,blaOXA-58,8,0.1171,5.045563829201346e-05,0.0003274418998507054,True
aadA2,gyrA_S81L,92,0.1166,1.289148087960731e-12,1.2938876029899983e-11,True
blaOXA-68,sul2,43,0.1164,1.4553054007292842e-08,1.1662378896255222e-07,True
adeS_N125K,sul2,40,0.1163,1.4373228773937259e-08,1.1556878906464779e-07,True
aadT,tet(X5),5,0.1161,0.0002882022109852865,0.0017321581263203803,True
aph(6)-Id,blaPER-1,35,0.116,1.3923247934581796e-10,1.2670155620469435e-09,True
aph(3'')-Ib,blaPER-1,35,0.1152,1.7457110453421706e-10,1.578076540988121e-09,True
aac(3)-IIe,aph(6)-Id,80,0.1149,6.143275366221086e-09,5.0414253756864426e-08,True
aadT,msr(E),45,0.1148,2.422176269333195e-08,1.9334915834150943e-07,True
aadT,floR,11,0.1147,2.185240811714773e-05,0.0001450768284402155,True
aac(3)-Ia,blaPER-1,16,0.1143,3.465321779583918e-06,2.429878884828107e-05,True
blaCARB-2,blaPER-1,4,0.1137,0.0007210184979887407,0.0041352531502295425,True
aph(3')-VI,blaADC-176,8,0.1137,6.770958508917803e-05,0.00043323554834403757,True
blaADC-33,parC_S84L,57,0.1125,3.6611262679271357e-11,3.4307350268104396e-10,True
aac(3)-IIe,gyrA_S81L,98,0.1121,7.499373951065062e-11,6.90110928755313e-10,True
aph(6)-Id,blaADC-25,66,0.1116,1.3605048407501048e-08,1.0967061659196218e-07,True
aac(3)-IIe,tet(B),70,0.1116,4.576022062616878e-08,3.6315523927163014e-07,True
aac(3)-Ia,blaADC-176,16,0.1114,5.474142290333685e-06,3.7929970691905994e-05,True
aph(6)-Id,blaOXA-239,32,0.1108,9.923656604240712e-10,8.591410950183025e-09,True
blaNDM-1,sat2,13,0.1107,1.6188437976628182e-05,0.00010885328984284467,True
adeC,blaOXA-82,55,0.1102,9.568403674563759e-09,7.774327985583054e-08,True
aadT,mph(E),44,0.1102,8.976394330236653e-08,6.988276574585379e-07,True
aph(3'')-Ib,blaOXA-239,32,0.1101,1.2200397514920843e-09,1.0495930215042196e-08,True
adeS_G336S,blaOXA-51,9,0.1101,6.914791512490727e-05,0.0004417483813361861,True
blaADC-30,blaOXA-235,21,0.1094,1.74129360504148e-06,1.2401038804599757e-05,True
blaADC-76,sul2,44,0.109,1.1988190363379662e-07,9.227751792864608e-07,True
ble,sat2,13,0.1089,2.010987890616858e-05,0.00013433924000124037,True
ant(2'')-Ia,blaADC,54,0.1087,7.499139100884063e-07,5.435216746569953e-06,True
blaOXA-235,parC_E88K,6,0.108,0.00028848152433467625,0.0017321581263203803,True
adeS_H189Y,parC_S84L,77,0.1075,5.450391626013742e-09,4.499869699299652e-08,True
aph(3')-Ia,blaADC-152,23,0.1072,6.732711636159257e-07,4.914519456340847e-06,True
aadA5,aph(3')-VIa,16,0.1072,9.431801123889076e-06,6.437204267054295e-05,True
blaOXA-72,sul1,55,0.1071,2.6699118080924144e-07,2.013497026544832e-06,True
aac(6')-Ib4,blaADC,14,0.107,1.1534749123918813e-05,7.807404572305379e-05,True
aac(6')-Ian,aadA5,9,0.107,8.349798065855694e-05,0.0005276608499950473,True
blaOXA-23,dfrA45,34,0.1069,1.8876594820523933e-08,1.5097589021493264e-07,True
blaOXA-72,floR,13,0.1064,3.514842413869103e-05,0.00022992459560373764,True
blaADC-52,blaCARB-2,4,0.1063,0.0010949506107449912,0.006142222946576355,True
blaOXA-402,parC_E88K,6,0.1059,0.0003388203778121585,0.002013743754921319,True
aac(6')-Ib4,mph(E),24,0.1053,2.3709457959533128e-07,1.797967228597929e-06,True
blaOXA-69,sul1,79,0.1052,3.7571917300234236e-07,2.8024954707551766e-06,True
adeS_N125K,parC_S84L,50,0.1052,7.284079618484819e-10,6.359979965393461e-09,True
ant(2'')-Ia,blaADC-79,10,0.105,6.702661101347639e-05,0.0004295367325511515,True
aacA16,sul1,34,0.1048,5.266357959857129e-07,3.858989316546776e-06,True
mph(E),tet(39),61,0.1048,3.600903588001039e-07,2.6957404374523316e-06,True
aac(6')-Ib4,msr(E),24,0.1046,2.7230961253286785e-07,2.0460694739854935e-06,True
aac(3)-Ia,blaOXA-82,22,0.1042,8.764977719895594e-06,6.002104308189374e-05,True
aph(6)-Id,dfrA45,34,0.1039,4.1466898479350785e-08,3.297222315979446e-07,True
aadA5,blaCARB-16,5,0.1038,0.0006777548578373959,0.0038925752354055207,True
aph(6)-Id,blaPER-7,57,0.1038,1.292749045170301e-07,9.894966990602584e-07,True
msr(E),tet(39),61,0.1037,4.6768094912153707e-07,3.4569557520806758e-06,True
aac(6')-Ian,blaOXA,21,0.1032,1.5901712991259815e-05,0.00010710117549211997,True
aph(3'')-Ib,dfrA45,34,0.1031,5.0963662553308984e-08,4.028884134281859e-07,True
blaNDM-1,dfrA1,14,0.103,3.702141618110728e-05,0.000241790588934026,True
arr-2,gyrA_S81L,85,0.1029,2.9596507683181633e-09,2.504084689310512e-08,True
aph(3'')-Ib,blaPER-7,57,0.1027,1.7267095836618053e-07,1.3142891719507607e-06,True
aac(3)-IId,blaOXA-68,8,0.1024,0.00020506786613486643,0.0012496323092593424,True
adeC,blaADC-33,50,0.1024,1.0980187100680363e-07,8.467771408151804e-07,True
aac(3)-Ia,aph(3')-VIa,77,0.102,1.8394012427860654e-06,1.3076993210432184e-05,True
aph(6)-Id,blaOXA-235,33,0.102,7.544428646965085e-08,5.918474197188128e-07,True
aac(6')-Ib4,tet(39),6,0.102,0.00043779220862754525,0.002572107739354086,True
aac(3)-Ia,aph(6)-Id,212,0.1019,3.7645753210449074e-07,2.802897443577981e-06,True
aph(3')-VIa,blaOXA-23,222,0.1016,4.212658713756872e-07,3.12515170884681e-06,True
aadA2,aph(3')-VIa,30,0.1016,7.510254555755198e-06,5.168822253078577e-05,True
cmlA5,gyrA_S81L,83,0.1015,5.179666425175609e-09,4.2936708524482016e-08,True
aph(3'')-Ib,blaOXA-235,33,0.1012,9.211984152592743e-08,7.158078767526999e-07,True
blaOXA-23,blaOXA-95,47,0.1012,2.717180899405299e-07,2.0453779012986576e-06,True
aadA1,blaOXA-69,59,0.1011,2.179243266679732e-06,1.5466206546019936e-05,True
blaCARB-16,blaOXA,11,0.1009,9.587087579867114e-05,0.0006030587348626088,True
blaPER-7,gyrA_S81L,69,0.1005,1.3625673688557208e-09,1.1673040534443884e-08,True
blaOXA-58,tet(A),8,0.1002,0.00024672974587223724,0.0014968271249582393,True
ant(2'')-Ia,gyrA_S81L,166,0.1001,1.0343822296634649e-07,7.992066472588468e-07,True
adeS_H189Y,gyrA_S81L,81,0.1,9.049894361390196e-09,7.367657536758023e-08,True
blaCARB-2,blaOXA-58,6,0.1,0.0005187848622943197,0.0030262450300501983,True
blaOXA,floR,17,0.0996,4.199104626000352e-05,0.00027381104209349427,True
aac(6')-Ian,blaPER-7,13,0.0996,7.626775848508327e-05,0.00048271479288472335,True
aac(3)-Ia,aph(3'')-Ib,212,0.0992,7.254130720850399e-07,5.276317105130086e-06,True
adeS_H189Y,cmlA5,11,0.0991,0.00012508213108339153,0.0007808099493696467,True
aac(6')-Ib3,blaOXA-65,8,0.099,0.00026572477145939713,0.0016073012394774466,True
aadT,blaOXA-120,5,0.0987,0.0009559666090305162,0.0053921257079613824,True
blaOXA-64,sul2,81,0.0986,1.4879310409731622e-06,1.0652233588785139e-05,True
aph(3')-VIa,blaOXA-69,39,0.0985,8.877110872312746e-06,6.0687427415894314e-05,True
ant(2'')-Ia,blaADC-33,14,0.0982,7.13165996370407e-05,0.0004541858095080586,True
aac(6')-Ian,aph(3'')-Ib,97,0.0974,1.0060321019577629e-06,7.265787403028287e-06,True
gyrA_S81L,parC_E88K,65,0.0974,4.5361742522899e-09,3.775535277058362e-08,True
adeS_H189Y,arr-2,11,0.0972,0.00015505569691973763,0.0009548166599794369,True
aac(3)-IId,blaADC-76,8,0.097,0.000338313619290303,0.0020136544636537653,True
blaPER-1,sul2,28,0.097,2.416290080884187e-06,1.7059841174518526e-05,True
blaCARB-2,tet(39),6,0.0969,0.0006598623324142095,0.0038111935842541442,True
aph(3')-Ia,tet(X5),19,0.0963,8.423575215617722e-06,5.777979984582005e-05,True
aph(3')-Ia,tet(A),30,0.0957,7.4610423357129715e-06,5.143597367802124e-05,True
blaADC-79,blaOXA-58,6,0.0953,0.0007575005616694405,0.004326310739241784,True
blaOXA-82,gyrA_S81L,62,0.0951,1.116213850065963e-08,9.033390743122764e-08,True
aac(6')-Ib3,catA1,6,0.0949,0.000801695745141779,0.004572345510244547,True
aac(6')-Ian,floR,16,0.0949,8.932603447479812e-05,0.0005627540171912282,True
sul2,tet(39),59,0.0945,4.178352136094121e-06,2.9198552896425645e-05,True
aph(3')-VIa,blaADC-11,19,0.0944,4.8776175227527145e-05,0.0003170451389789264,True
aadT,tet(39),9,0.0942,0.00033404677825084447,0.0019940547477218778,True
blaOXA-98,sul2,27,0.0941,4.8145443688040505e-06,3.347293580688045e-05,True
blaOXA-402,mph(E),28,0.0938,5.4978674750309635e-06,3.80300123483983e-05,True
aph(3')-Ia,catA1,41,0.0931,1.0576263994147958e-05,7.206289693184008e-05,True
blaOXA-402,msr(E),28,0.093,6.348785232694746e-06,4.384194861363403e-05,True
blaADC-199,blaOXA-23,27,0.0928,1.4166466302405011e-06,1.015966366170727e-05,True
blaADC-169,blaOXA-120,4,0.0923,0.0025188252716338956,0.013584665034371255,True
blaPER-7,parC_S84L,63,0.0923,7.227319467916094e-07,5.266169612298292e-06,True
dfrA1,tet(39),8,0.0922,0.0005221541067716297,0.0030415662407252114,True
blaADC-169,parC_E88K,6,0.0918,0.0010341739909966526,0.005825230389451571,True
aac(6')-Ian,aph(6)-Id,95,0.0917,4.210320589196274e-06,2.9371827619691215e-05,True
blaADC-33,gyrA_S81L,57,0.0911,4.991132499324715e-08,3.953324484474799e-07,True
blaOXA-58,sul1,53,0.091,1.0985643514703538e-05,7.472792390815777e-05,True
ble,dfrA1,13,0.0907,0.00020048496547510233,0.001227183757280335,True
blaOXA-95,gyrA_S81L,56,0.0903,6.731213556613983e-08,5.300830675833512e-07,True
aadA2,adeS_G336S,10,0.0896,0.0004269117953335488,0.0025154011537998305,True
blaOXA-58,tet(X5),5,0.089,0.0018344795923355985,0.01006996505444273,True
blaADC-169,sul2,32,0.0887,1.6797281208226398e-05,0.00011276207630768377,True
blaADC-222,gyrA_S81L,54,0.0886,1.223732149906578e-07,9.401844566355416e-07,True
blaOXA-58,blaOXA-68,8,0.0884,0.0007491317677878397,0.004284489649568721,True
aac(6')-Ib4,sul2,22,0.0883,1.828431026193175e-05,0.00012234354660557275,True
adeS_G336S,sat2,6,0.0879,0.001404289320847657,0.00782389764472266,True
aadT,blaOXA-100,4,0.0872,0.003404300857149595,0.018081208832720613,True
adeS_G336S,sul2,48,0.0871,2.181359851347183e-05,0.0001450768284402155,True
blaADC-25,gyrA_S81L,76,0.087,1.3964241722197537e-06,1.0032205237262967e-05,True
blaCARB-2,blaOXA-91,4,0.087,0.00346302221344075,0.018369269383471335,True
floR,mph(E),61,0.0869,2.1780372050260854e-05,0.0001450768284402155,True
aph(3')-VIa,blaADC-76,20,0.0866,0.00014489011755666392,0.0008976172940915866,True
aac(6')-Ian,ant(2'')-Ia,23,0.0864,0.0001500602437983357,0.000926842682283838,True
blaADC-26,fos,14,0.0862,0.0003331672527481939,0.0019917078832173054,True
blaADC-176,blaNDM-1,10,0.0861,0.0005368684164500918,0.0031184059083164905,True
aac(3)-IIe,dfrA1,8,0.0861,0.0009178163222179049,0.005184079778596304,True
floR,msr(E),61,0.0857,2.7374838916721646e-05,0.00018051524213200508,True
adeS_N125K,gyrA_S81L,50,0.0852,4.0373096029078145e-07,3.0005050497109803e-06,True
aac(3)-IId,blaOXA-120,5,0.085,0.00250859530737436,0.013552371746303436,True
ant(2'')-Ia,ble,31,0.0842,0.0001420321742877622,0.0008812450813763426,True
aadA2,blaPER-1,6,0.0841,0.0018688975358474094,0.010245161190488811,True
aph(3')-VI,floR,12,0.0839,0.0005705530572880217,0.003304688500133591,True
blaOXA-239,parC_S84L,32,0.0838,1.5128874002986748e-06,1.0811996342448644e-05,True
blaADC-76,blaOXA-58,8,0.0833,0.0012082888276398116,0.0067687315310328705,True
ant(2'')-Ia,aph(3')-VI,18,0.0829,0.00033578391560201525,0.00200150674583734,True
blaOXA-235,sul2,26,0.0828,5.922778455559971e-05,0.00038194925630737135,True
aadA2,blaOXA-69,14,0.0827,0.0005093253731803326,0.002979553433104946,True
blaADC-30,tet(X5),14,0.0824,0.00027978900497692476,0.0016873872980567113,True
blaADC-158,sul2,23,0.0821,7.008272777518481e-05,0.00044702300660339844,True
aac(3)-Ia,blaADC-33,18,0.082,0.0003270301018481168,0.001957877583432805,True
adeC,blaOXA-235,31,0.082,2.2463327152480922e-05,0.00014884680370454593,True
aacA16,sul2,32,0.0817,7.157584167930631e-05,0.0004551289932868934,True
aacA16,gyrA_S81L,46,0.0816,1.3288036469858464e-06,9.580019250716621e-06,True
sat2,tet(X5),3,0.0814,0.008419888243843408,0.04272545521504183,True
blaTEM-1,tet(A),25,0.0813,0.00015991459638899975,0.0009832586669864174,True
aac(6')-Ian,cmlA5,13,0.0813,0.000670844722940951,0.0038582993545550484,True
aph(3')-Ia,sat2,25,0.0812,0.00013251939565337386,0.0008247217708215287,True
blaADC-152,parC_S84L,30,0.0811,3.519271302047636e-06,2.4634899114333453e-05,True
blaOXA-120,ble,9,0.0811,0.0010714584311374876,0.0060186862489821835,True
blaADC-76,blaCARB-2,4,0.0808,0.005116341498140867,0.026520782828970697,True
blaOXA-72,gyrA_S81L,79,0.0806,1.1401629255177905e-05,7.730078112575086e-05,True
blaOXA-98,floR,6,0.0806,0.0024597859169059612,0.013306239537291825,True
aph(3')-Ia,blaADC-25,42,0.0806,0.00011374744037406806,0.0007133166436934284,True
aph(3')-Ia,dfrA1,29,0.0805,0.0001379729987696741,0.0008573587708070036,True
blaCARB-16,parC_S84L,46,0.0804,1.564745343566022e-05,0.00010556230942179341,True
adeS_N125K,aph(6)-Id,40,0.0804,4.758444873770881e-05,0.00030979064798238086,True
blaOXA,tet(X5),6,0.0798,0.0025212076742667042,0.013584665034371255,True
blaADC-199,parC_S84L,29,0.0798,5.3657461150700325e-06,3.7241915832562346e-05,True
aac(3)-IIe,parC_S84L,84,0.0796,3.366000856544939e-05,0.00022160407568410812,True
adeS_H189Y,blaOXA-23,60,0.0796,6.31075634006057e-05,0.00040505559894275914,True
adeS_N125K,aph(3'')-Ib,40,0.0794,5.7653073943809726e-05,0.00037238065899037985,True
aac(6')-Ian,arr-2,13,0.0793,0.0008432521018487082,0.004795996329264527,True
blaOXA-23,blaOXA-402,30,0.0793,5.999873234146904e-05,0.0003863125926703077,True
aadA1,ftsI_T526S,22,0.0791,0.00027141953806277225,0.0016393259710428501,True
ftsI_T526S,sat2,4,0.079,0.0057842510530130235,0.02979434976363312,True
ftsI_T526S,gyrA_S81L,43,0.0789,3.241973080911922e-06,2.2771663407091457e-05,True
blaOXA-72,parC_E88K,8,0.0788,0.0018319020626128156,0.010069314022012724,True
aph(3')-VIa,blaOXA-68,18,0.0785,0.0005112055176864459,0.002986286155386585,True
blaNDM-1,sul1,101,0.0785,0.00010770247643553311,0.0006764442346679573,True
blaOXA-64,blaPER-7,11,0.0778,0.0012402411501471768,0.006938234303077444,True
blaOXA-68,parC_E88K,6,0.0771,0.0033553051041941236,0.01784412259957784,True
aadT,blaADC-79,4,0.077,0.006532132648125195,0.033478201744771806,True
blaOXA,parC_S84L,112,0.0766,7.421951100741936e-05,0.00047047816962133486,True
blaCARB-2,blaNDM-1,8,0.0764,0.0020568804453246843,0.011230567231472777,True
aph(3')-VI,blaOXA-65,12,0.0753,0.0014713788732832903,0.008186544138716133,True
blaOXA-23,ftsI_T526S,34,0.0752,0.0001497487416603584,0.0009263158566452683,True
blaCARB-2,ble,8,0.0751,0.002335677375003192,0.012685144364241473,True
adeS_G336S,dfrA1,6,0.075,0.003974751534017327,0.020921089372494803,True
blaADC-222,blaOXA-23,41,0.0749,0.0001624249630613775,0.0009971967372358933,True
blaADC-176,parC_S84L,34,0.0744,5.421105900200983e-05,0.00035125678261587064,True
blaADC-152,sul2,22,0.0744,0.0003092023038522918,0.0018538556870792606,True
blaOXA-235,blaOXA-68,4,0.0741,0.007888560857491178,0.04012876610115078,True
blaOXA-58,mph(E),52,0.0737,0.0002861071137791951,0.0017229538690085354,True
arr-2,parC_S84L,73,0.0737,0.00012245403666728878,0.0007655714200802253,True
dfrA1,sul1,31,0.0734,0.00037966639715198943,0.0022467252837245614,True
aadA2,blaOXA-23,64,0.0731,0.0002332611475388497,0.0014172172094533968,True
aph(6)-Id,tet(X5),22,0.073,0.0001956492014700431,0.0011993764670955485,True
blaOXA-58,msr(E),52,0.0726,0.00034372316850680995,0.0020399222826599805,True
aph(3'')-Ib,tet(X5),22,0.0724,0.00022104396163240324,0.0013449851751629884,True
dfrA45,gyrA_S81L,36,0.0721,2.584481620254107e-05,0.00017097661122682662,True
blaCARB-2,blaPER-7,4,0.0721,0.008931290383037197,0.04526439866155609,True
parC_E88K,sul1,38,0.0717,0.00047214178396507204,0.0027699435606546845,True
blaOXA-72,catA1,8,0.0717,0.003541199806763581,0.01873541758229569,True
blaOXA-104,fos,8,0.0715,0.003624753402763448,0.019152729270085576,True
dfrA1,floR,7,0.0715,0.004255759084574731,0.0222855926487641,True
blaCARB-2,msr(E),21,0.0713,0.0005473949709310509,0.0031750459007969596,True
cmlA5,parC_S84L,71,0.0712,0.00020431473334652262,0.0012483536496174176,True
blaPER-1,gyrA_S81L,35,0.071,3.474658986587322e-05,0.0002276596568012013,True
aadA5,gyrA_S81L,35,0.071,3.474658986587322e-05,0.0002276596568012013,True
blaOXA-235,gyrA_S81L,35,0.071,3.474658986587322e-05,0.0002276596568012013,True
blaOXA-235,blaOXA-66,25,0.0708,0.0005287383278527592,0.0030755446769276263,True
blaOXA-23,sat2,32,0.0707,0.0003665445495720656,0.0021722140817620962,True
aph(3')-Ia,blaOXA-72,42,0.0704,0.000632738249726247,0.003659693690153929,True
blaOXA-69,cmlA5,12,0.0702,0.0025287926710110663,0.013607629418909745,True
ant(2'')-Ia,blaOXA-65,18,0.0697,0.0017833395334842929,0.009828769030441695,True
aac(3)-IIe,blaOXA-23,68,0.0697,0.00042993159664065245,0.002529554437131425,True
blaOXA-58,catA1,8,0.0694,0.004397147300996013,0.02296724259895239,True
aadT,blaPER-7,6,0.0691,0.006433805685823875,0.033015581808833044,True
blaOXA-235,tet(B),25,0.0686,0.0007419915939396714,0.0042495882198363005,True
adeC,blaOXA-72,62,0.0686,0.0004861297390730778,0.0028479274413508635,True
arr-2,blaOXA-69,12,0.0683,0.0030899213525233814,0.016475557211696936,True
blaOXA-239,gyrA_S81L,32,0.0679,8.436176007910361e-05,0.0005322980085114472,True
blaADC-76,tet(B),38,0.067,0.0008952148989256527,0.005070408037483469,True
ble,sul1,99,0.0669,0.0008136826196132104,0.004634256366225447,True
adeS_N125K,ant(2'')-Ia,10,0.0668,0.004196403095400011,0.022002907395215168,True
aadA1,blaADC-11,23,0.0657,0.0018899126433088891,0.010346513735761901,True
blaADC-152,gyrA_S81L,30,0.0657,0.00015228235522872112,0.0009391509708759231,True
aph(6)-Id,ftsI_T526S,33,0.0656,0.0009111431511925163,0.005153496138305738,True
blaOXA-259,sul2,32,0.0655,0.0012508946266086395,0.006988285806224255,True
blaTEM-1,tet(X5),14,0.0655,0.002459669170152362,0.013306239537291825,True
armA,sul2,384,0.0652,0.0008706776807932997,0.004945111099651265,True
aac(3)-Ia,blaOXA-23,193,0.0652,0.0008834439579227867,0.005010668985725501,True
dfrA1,gyrA_S81L,47,0.0649,0.000395941512247836,0.0023362831306266403,True
aph(3'')-Ib,ftsI_T526S,33,0.0647,0.0010555968347818454,0.00593773219564788,True
blaADC-199,gyrA_S81L,29,0.0646,0.0002045531865429273,0.0012483536496174176,True
blaNDM-1,floR,17,0.0644,0.00347592811778085,0.018413875345811875,True
ant(2'')-Ia,floR,16,0.0643,0.0036888082274597277,0.019466069190009774,True
blaADC-169,mph(E),28,0.0643,0.0015878269833045902,0.008798581186241267,True
ant(2'')-Ia,blaNDM-1,27,0.0641,0.0026154467927695805,0.014018657874857895,True
armA,ftsI_T526S,25,0.0637,0.0020165142772377246,0.011024867777421204,True
blaADC-169,msr(E),28,0.0635,0.0017773991439350544,0.009809231124547235,True
ftsI_A515V,sul2,178,0.0633,0.001290922505064388,0.007202081278254317,True
aac(6')-Ian,tet(B),75,0.0629,0.0015289558811401728,0.008495351876891462,True
blaADC,blaOXA-235,12,0.0629,0.004797842595617194,0.024996393675639196,True
aph(6)-Id,blaOXA-402,28,0.0625,0.001575343033173957,0.008741232684075005,True
ble,floR,17,0.0625,0.004278018938889018,0.022373547324074754,True
gyrA_S81L,sat2,39,0.0621,0.0006621617951767814,0.0038190881003505915,True
aac(3)-Ia,blaADC-25,20,0.0618,0.003989217538906962,0.020970277049838268,True
aph(3'')-Ib,blaOXA-402,28,0.0616,0.0017910317301396482,0.009857896417905725,True
blaOXA-64,cmlA5,11,0.0616,0.006709875645982276,0.034260524651243664,True
blaOXA-66,ftsI_T526S,28,0.0613,0.0024160195525709184,0.013104106050036967,True
ftsI_T526S,mph(E),27,0.0612,0.002558822555269725,0.013751152708437695,True
catB8,ftsI_T526S,14,0.0607,0.005481988775953166,0.028308630564348312,True
blaADC,blaOXA-91,16,0.0607,0.005107074270941021,0.026506298022184384,True
aph(3')-VIa,tet(A),14,0.0606,0.005650208085790999,0.029140556815257103,True
ftsI_T526S,msr(E),27,0.0605,0.00284688321504602,0.01519946123287282,True
blaOXA-23,dfrA1,36,0.0605,0.002190411678415285,0.011943722800413573,True
blaADC-176,ble,8,0.0601,0.009724473820030903,0.04919643876451937,True
gyrA_S81L,tet(X5),25,0.0599,0.0006649652782930518,0.0038298633116878303,True
dfrA45,parC_S84L,32,0.0599,0.0015935189781155802,0.008818189480247705,True
arr-2,blaOXA-64,11,0.0598,0.007999824632431391,0.04064427030993368,True
aac(3)-Ia,catB8,70,0.0593,0.003138807792878585,0.016714457622675948,True
aph(3')-VI,aph(3')-VIa,24,0.0586,0.005269898963143194,0.027247773048069922,True
blaCARB-16,gyrA_S81L,46,0.0582,0.0017293329996528402,0.00955684026123938,True
aadT,blaADC,17,0.0581,0.006655241296483232,0.03402398640336933,True
floR,parC_S84L,79,0.0575,0.0026930543686150064,0.01441576162023327,True
ftsI_T526S,parC_S84L,37,0.0574,0.002592580423986329,0.013914307780110113,True
blaADC,blaOXA-58,23,0.0569,0.006566260050071093,0.03361104363130141,True
sat2,sul1,24,0.0568,0.0051397532764774,0.02660845722778123,True
blaOXA-66,blaPER-1,23,0.0567,0.0049618399185883885,0.02581795993217211,True
parC_S84L,tet(X5),23,0.0566,0.002776597000001587,0.014843557069199084,True
blaOXA-95,sul1,31,0.0565,0.005034845618182076,0.026164584779765993,True
blaADC,blaOXA-104,20,0.0564,0.0074031246049282495,0.03770621300644426,True
blaOXA-402,gyrA_S81L,34,0.0562,0.0022735962913364633,0.012364378237746105,True
blaADC-176,gyrA_S81L,34,0.0562,0.0022735962913364633,0.012364378237746105,True
blaPER-1,sul1,21,0.0561,0.005882580588705541,0.030262773254710038,True
blaOXA-66,sul2,449,0.0558,0.0037159143736938496,0.019583873050548668,True
catA1,parC_S84L,58,0.0543,0.0044724136353612885,0.023330616352617167,True
floR,gyrA_S81L,86,0.0542,0.003996263191973633,0.020980381757861575,True
adeC,blaPER-1,27,0.0539,0.005895367586387707,0.03029050221613257,True
blaADC-76,blaOXA-23,40,0.0524,0.00719677173556558,0.03670084714463394,True
blaOXA-68,tet(B),33,0.0509,0.00973116371166317,0.04919643876451937,True
