gene_a,gene_b,phi,n11,p_adj
aph(3'')-Ib,aph(6)-Id,0.9882,1248,0.0
arr-2,cmlA5,0.988,85,5.814277229082395e-153
aac(6')-Ib',catB8,0.9767,376,0.0
mph(E),msr(E),0.9756,955,0.0
blaNDM-1,ble,0.9677,197,5.3218382085669715e-270
blaADC-33,blaOXA-82,0.9233,55,1.8216706909777649e-99
blaADC-73,ftsI_A515V,0.9082,325,0.0
blaADC-222,blaOXA-95,0.9071,50,3.2622113557233317e-90
dfrA1,sat2,0.9038,41,1.5483387468887337e-78
blaADC-169,blaOXA-402,0.8519,34,2.706762645246325e-63
blaADC-79,blaOXA-100,0.8435,24,1.2946856195820326e-47
armA,mph(E),0.8196,803,0.0
adeS_G336S,adeS_N125K,0.8177,50,5.038808110040634e-84
armA,msr(E),0.815,803,0.0
gyrA_S81L,parC_S84L,0.8056,1567,0.0
blaADC-199,blaADC-52,0.8001,27,3.3641290835092086e-50
adeS_N125K,blaOXA-239,0.7969,32,1.4534100394891732e-58
blaADC-76,blaOXA-68,0.7848,45,2.4801502390002967e-71
adeS_H189Y,blaOXA-64,0.7813,83,8.334487963292159e-117
arr-2,blaPER-7,0.7803,61,3.874651090296978e-89
blaPER-7,cmlA5,0.7629,59,1.0286806480840414e-84
aph(3'')-Ib,tet(B),0.762,997,0.0
aph(6)-Id,tet(B),0.7523,988,0.0
blaADC-158,blaOXA-98,0.7481,24,1.0783352486246517e-42
blaADC-199,blaOXA-91,0.7359,29,2.511859987603779e-51
aadA1,catB8,0.7268,376,4.889821732783436e-258
aac(6')-Ib',aadA1,0.7227,375,5.987727837301921e-254
blaADC-52,blaOXA-91,0.7207,33,6.637949859412111e-53
aadA1,sul1,0.7099,588,4.761048941455741e-285
blaADC-199,blaCARB-16,0.7048,27,8.602661650644698e-46
catA1,tet(A),0.6978,41,1.1074945034885497e-60
adeC,blaOXA-66,0.6912,966,9.768438214024227e-286
aph(3')-VI,ble,0.6562,95,4.8837916919322874e-107
blaADC-30,catB8,0.6553,326,1.1595109864473748e-188
blaOXA-66,tet(B),0.6546,825,1.1202065373586446e-237
adeS_G336S,blaOXA-239,0.6517,32,6.599355267275443e-51
aac(6')-Ib',blaADC-30,0.6512,325,2.913657661725953e-186
cmlA5,dfrA45,0.6439,36,4.4922523833644846e-55
arr-2,dfrA45,0.6362,36,1.3018071104268442e-54
aph(3')-VI,blaNDM-1,0.6328,91,1.1460679017322652e-97
armA,blaOXA-66,0.6287,717,5.10264580264891e-217
aadA1,blaADC-30,0.6146,405,7.940539526192392e-178
aac(3)-IIe,aac(6')-Ian,0.6055,72,5.691868512039261e-75
aadA2,ant(2'')-Ia,0.593,80,8.7392936865786e-82
aph(6)-Id,blaOXA-66,0.5837,878,1.2632248592837698e-190
blaOXA-23,gyrA_S81L,0.5836,1214,9.170484061476157e-216
aph(3'')-Ib,blaOXA-66,0.5798,879,3.67496291188141e-188
aph(3'')-Ib,gyrA_S81L,0.572,1236,2.145472906236386e-196
aadT,blaOXA-58,0.5702,42,3.726948936928696e-50
aph(6)-Id,gyrA_S81L,0.5679,1228,5.637984534088543e-194
blaADC-11,blaOXA-69,0.5658,48,9.214938749549211e-59
aac(6')-Ib',armA,0.5584,371,5.566292147085084e-171
blaADC-52,blaCARB-16,0.558,25,2.2417180370256777e-34
aac(3)-IIe,adeS_H189Y,0.5538,52,2.983029967728384e-55
blaADC-30,blaOXA-66,0.5536,502,2.2490107668144105e-174
blaPER-7,dfrA45,0.5531,28,9.506851983638962e-38
armA,catB8,0.5527,368,1.4056903025213458e-166
blaOXA-66,blaTEM-1,0.5485,569,1.8258217657433226e-164
aac(6')-Ian,adeS_H189Y,0.542,59,3.490670040543365e-59
adeC,tet(B),0.5387,888,1.6363175158773312e-161
aac(3)-Ia,aadA1,0.5379,275,4.1168304316175754e-131
aac(6')-Ib',sul1,0.5379,373,2.8342005397076676e-163
catB8,sul1,0.537,372,1.010815460871759e-162
armA,tet(B),0.5356,672,2.0279527818154087e-154
aac(3)-IId,tet(39),0.5331,45,1.4350682802574338e-48
aph(3')-Ia,blaTEM-1,0.5294,475,1.2043395112033396e-140
blaOXA-23,parC_S84L,0.5261,1102,1.6128969093504256e-153
aph(6)-Id,parC_S84L,0.5234,1120,1.3424818771418888e-150
armA,blaOXA-23,0.5226,733,4.751672209287988e-153
blaADC-26,blaOXA-259,0.5222,46,2.1740698184827284e-52
aph(3'')-Ib,parC_S84L,0.516,1121,9.730795151256753e-146
blaCARB-16,blaOXA-91,0.514,27,1.388952988331964e-33
blaOXA-66,parC_S84L,0.5039,952,9.11274165910847e-150
adeS_H189Y,blaADC-26,0.4993,57,4.338506323337637e-53
aph(6)-Id,mph(E),0.4951,797,1.0576932540072165e-134
aac(6')-Ib4,aadT,0.4932,20,2.9144201499735317e-27
aph(3'')-Ib,mph(E),0.4931,799,9.105640993765506e-134
blaOXA-66,mph(E),0.4929,698,1.2560269661055122e-129
aph(6)-Id,msr(E),0.4926,799,3.2807652765807125e-133
blaOXA-66,gyrA_S81L,0.4907,1011,6.259160010912796e-162
aph(6)-Id,armA,0.4902,725,3.0075702911197376e-134
gyrA_S81L,tet(B),0.4893,1025,6.966603198583446e-157
aadA1,aph(3')-Ia,0.4891,435,4.99986772764443e-119
aph(3'')-Ib,msr(E),0.4889,800,2.787531486210154e-131
blaOXA-66,msr(E),0.488,698,5.492827425361724e-127
aph(3'')-Ib,armA,0.4871,726,9.970968662154437e-133
blaADC-11,tet(A),0.4795,24,3.289158136113673e-29
armA,ftsI_A515V,0.4786,329,3.3295427267324043e-119
blaOXA-402,tet(39),0.4751,28,1.5695852413966268e-33
aadA1,adeC,0.4695,580,6.3812946785203794e-136
adeC,armA,0.4691,734,4.585516528137826e-124
adeS_N125K,blaOXA-65,0.4678,36,3.299177305552293e-38
blaOXA-23,tet(B),0.4665,807,9.899834566899228e-118
adeS_G336S,blaOXA-65,0.4655,44,8.70649452565189e-42
adeC,gyrA_S81L,0.4644,1220,1.0500114312617125e-117
blaOXA-23,msr(E),0.4635,770,1.0931884731225595e-116
armA,blaADC-73,0.4627,304,6.727030793114046e-112
adeC,blaADC-30,0.462,525,7.038262162597233e-139
aph(3')-VI,blaADC-199,0.4613,25,2.7300846876298555e-31
aac(3)-IIe,blaOXA-64,0.4596,56,4.470745314023809e-47
blaOXA-239,blaOXA-65,0.4586,28,9.289153007809292e-34
blaOXA-66,ftsI_A515V,0.4582,353,1.765980438570926e-122
aac(3)-IId,blaOXA-402,0.4571,24,1.312182185108055e-28
blaOXA-23,mph(E),0.4555,762,1.3940891463755084e-112
blaOXA-23,blaOXA-66,0.4552,790,4.763976934726036e-112
blaOXA-402,floR,0.4545,28,2.353382809173928e-32
blaTEM-1,tet(B),0.4538,525,3.316169499937008e-110
aph(3')-Ia,blaOXA-66,0.4535,578,6.599483638073963e-109
parC_S84L,tet(B),0.4534,937,2.7580439348346124e-117
floR,tet(X5),0.4509,23,8.084603515759544e-30
aac(6')-Ib4,aadA5,0.4483,14,2.7442323641444806e-19
blaADC-73,blaOXA-66,0.4481,328,7.92737976866165e-120
aph(3'')-Ib,blaOXA-23,0.4457,911,1.687570769771022e-106
blaADC-30,sul1,0.4449,417,6.656781060015113e-102
aac(6')-Ib',mph(E),0.4444,347,2.7716106213585668e-108
aph(6)-Id,blaTEM-1,0.4444,581,2.27280348304507e-113
aac(6')-Ian,blaOXA-64,0.4425,63,9.883291030923843e-48
blaOXA-66,catB8,0.4421,355,7.788744089947607e-111
aac(3)-Ia,sul1,0.442,297,3.437629918231741e-105
aac(6')-Ib',msr(E),0.4417,347,3.329487318516841e-107
aac(6')-Ib',blaOXA-66,0.4406,355,6.616042477520449e-110
aph(6)-Id,blaOXA-23,0.4406,904,4.788818823367628e-104
catB8,mph(E),0.4388,344,2.981145888246137e-105
catB8,msr(E),0.4385,345,1.835029768105165e-105
aph(3'')-Ib,blaTEM-1,0.4385,580,2.0630749981796237e-110
adeC,parC_S84L,0.4382,1112,2.855785185386121e-102
mph(E),tet(B),0.437,674,2.2737375973040624e-101
blaOXA-95,parC_E88K,0.4332,27,1.0336844514672455e-28
msr(E),tet(B),0.432,674,4.577754360593536e-99
gyrA_S81L,mph(E),0.4295,940,3.6625945288230355e-117
armA,gyrA_S81L,0.4287,846,4.8719451947195785e-132
gyrA_S81L,msr(E),0.4262,943,2.239178898713526e-114
blaADC-169,tet(39),0.4255,28,1.6318895377634762e-29
blaADC-25,blaPER-1,0.4226,23,4.4937549760704567e-26
blaOXA-69,tet(A),0.4221,35,1.580867556042073e-34
adeC,aph(3'')-Ib,0.4196,943,5.591136782917915e-94
aph(3')-Ia,catB8,0.419,295,8.691144346052467e-86
adeC,aph(6)-Id,0.4168,937,1.0128606289551362e-92
aadA2,blaOXA-95,0.4146,31,3.466546336618058e-30
blaADC-277,blaOXA-64,0.4145,26,1.4563080672370348e-30
armA,blaTEM-1,0.4145,445,2.804694886572634e-87
aadA1,blaOXA-66,0.4117,473,8.836397317761032e-90
ftsI_A515V,msr(E),0.4114,325,7.133172599501673e-92
aac(6')-Ib',aph(3')-Ia,0.4105,292,2.986013109139316e-82
adeC,aph(3')-Ia,0.4103,651,1.5346477676400346e-94
aac(3)-IId,blaADC-169,0.4097,24,1.4536942841676002e-25
ftsI_A515V,mph(E),0.4093,323,1.6850696698151028e-90
blaADC-73,tet(B),0.4089,315,2.5815647644558904e-96
aph(3'')-Ib,sul2,0.4081,754,4.584213945787578e-90
blaADC-222,parC_E88K,0.4072,25,7.621014129988442e-26
msr(E),parC_S84L,0.4072,867,1.4821071513901424e-94
blaADC-169,floR,0.4066,28,2.313412252758653e-28
armA,parC_S84L,0.4065,779,3.7083262619637946e-98
mph(E),parC_S84L,0.4039,861,4.581703541017368e-93
ftsI_A515V,tet(B),0.4034,333,2.5397563317994704e-91
adeC,blaTEM-1,0.4006,574,2.9814447713661642e-92
aac(3)-IId,floR,0.4,36,1.6362243435370677e-31
aac(6')-Ib4,blaOXA-58,0.3995,20,2.738135578854804e-23
aph(6)-Id,sul2,0.3981,745,1.5996711834328273e-85
blaADC-73,msr(E),0.3979,300,2.04232783635452e-86
gyrA_S81L,sul1,0.3964,869,2.1961400618824018e-100
blaADC-73,mph(E),0.3955,298,6.444541207942604e-85
aac(3)-IId,aadT,0.3948,27,2.822384330644645e-26
blaOXA-23,ftsI_A515V,0.3939,359,2.134259341774113e-99
blaADC-26,blaOXA-64,0.3909,59,1.1320001492867623e-39
adeC,sul1,0.3884,718,1.5363263666795968e-82
blaADC-73,blaOXA-23,0.381,331,5.001484456923899e-95
aac(3)-IId,blaOXA-58,0.3783,32,9.69103921036663e-28
blaADC-30,tet(B),0.3773,420,8.989820233871671e-76
adeC,blaOXA-23,0.3733,895,3.226032759934767e-74
aadA5,blaOXA-72,0.3715,21,7.096358153165998e-22
floR,tet(39),0.3708,38,9.020961206616611e-30
aph(3')-Ia,tet(B),0.3688,538,1.2936117259920795e-71
aph(3')-Ia,armA,0.3681,470,2.0179059468418082e-69
adeC,catB8,0.3669,371,8.629244504333288e-88
aac(6')-Ib',adeC,0.363,370,3.8140739566973357e-85
aph(3')-VI,blaADC-52,0.3584,23,2.4444601142349963e-22
aadA1,armA,0.3537,394,2.4242144946942682e-63
blaTEM-1,msr(E),0.3518,452,2.4359646515852958e-64
blaADC-152,blaCARB-16,0.3511,14,6.529290728263678e-16
blaTEM-1,parC_S84L,0.3497,609,1.694041947855089e-75
aph(3')-Ia,blaADC-30,0.3496,336,2.3308538808205884e-60
blaTEM-1,ftsI_A515V,0.3487,236,1.0861841412471014e-56
aph(3'')-Ib,ftsI_A515V,0.3481,345,1.940906418416035e-74
blaADC-73,blaTEM-1,0.348,222,3.5350197582319892e-56
blaTEM-1,mph(E),0.3476,448,9.469184379048987e-63
blaADC-11,catA1,0.3465,22,1.4018240812957245e-20
aph(6)-Id,ftsI_A515V,0.3462,343,4.659707412999768e-73
aph(6)-Id,blaADC-30,0.3453,454,1.9854203028639326e-67
aac(3)-Ia,adeC,0.3453,319,5.3278021661944e-81
adeC,mph(E),0.3452,734,2.5811742805284213e-64
blaOXA-104,blaPER-7,0.3441,26,2.2355248669993525e-22
aph(3'')-Ib,blaADC-30,0.3438,455,5.478905946597422e-67
armA,sul1,0.3424,509,8.274906272089819e-61
aph(3')-Ia,sul1,0.3418,474,2.8145974827442883e-60
adeC,msr(E),0.3409,735,1.1640363935797713e-62
aph(3')-VI,blaCARB-16,0.3402,25,6.099745643043183e-22
aac(6')-Ib4,aph(3')-VI,0.3391,18,8.990935409602308e-19
aph(3')-Ia,gyrA_S81L,0.3373,737,3.858381548481611e-73
aph(6)-Id,blaADC-73,0.3373,317,1.9545536789196038e-70
aadA2,blaADC-222,0.3353,25,1.6442782323531818e-21
blaOXA-104,dfrA45,0.3348,18,6.5749969834578094e-18
aph(3'')-Ib,blaADC-73,0.3347,317,1.7249680355375316e-69
blaADC-30,parC_S84L,0.3346,512,4.7699640954920644e-73
armA,blaADC-30,0.3327,350,8.1461046167256055e-56
blaOXA-104,cmlA5,0.3307,28,2.3242171956418526e-22
blaTEM-1,gyrA_S81L,0.3306,643,5.93433497692189e-76
aph(3')-VI,blaOXA-91,0.3289,25,3.8885668358285075e-21
aph(3')-Ia,aph(6)-Id,0.3276,586,2.9263898420921427e-58
arr-2,blaOXA-104,0.3263,28,4.81804731467541e-22
aph(3'')-Ib,aph(3')-Ia,0.3248,587,2.4123790623923664e-57
aac(3)-IIe,blaADC-26,0.3157,42,4.719160395702826e-26
aadA2,blaCARB-2,0.3154,17,9.7195817689235e-17
blaADC-30,gyrA_S81L,0.3116,536,1.7884520652854705e-75
msr(E),sul1,0.3111,543,1.0873886964780262e-50
aadT,blaNDM-1,0.3111,37,2.3224988531877254e-25
blaADC-199,blaNDM-1,0.3106,25,9.618187641384862e-23
blaADC-152,blaOXA,0.3091,21,3.469883935930873e-19
mph(E),sul1,0.3083,539,8.90241253960214e-50
aph(3')-Ia,parC_S84L,0.3078,669,1.23963641236742e-54
blaADC-199,ble,0.3071,25,1.5899296823060506e-22
aadA1,gyrA_S81L,0.3063,595,1.6622770576276214e-64
blaADC-176,tet(A),0.304,13,2.1657034639614414e-13
ftsI_A515V,parC_S84L,0.3027,367,1.080340802936408e-68
blaADC-26,blaPER-7,0.3027,33,2.184335951953532e-22
aacA16,blaOXA-72,0.3019,20,3.9603823469080475e-17
aac(6')-Ian,blaADC-152,0.3004,20,5.311010478948695e-18
aph(3')-Ia,mph(E),0.3002,476,5.786130898167375e-47
aadT,ble,0.2978,36,1.0041490495767676e-23
adeS_G336S,blaADC,0.2967,56,1.6066260960576365e-30
blaOXA-69,catA1,0.296,32,2.1723464670626955e-21
aadA5,aadT,0.2948,14,1.1626488428124457e-13
aph(3')-Ia,msr(E),0.2945,475,2.9653305863855254e-45
adeS_N125K,blaADC,0.2924,44,3.8346220594479553e-29
blaADC-73,parC_S84L,0.2917,337,4.099443889672551e-66
blaNDM-1,cmlA5,0.2916,43,2.436723182482918e-24
aadA1,blaTEM-1,0.2916,304,8.271554081376922e-42
blaADC-11,blaADC-176,0.2907,13,6.883803141770959e-13
blaADC-30,blaTEM-1,0.2899,277,7.371944620044025e-41
blaTEM-1,catB8,0.2875,218,3.669974912110809e-39
arr-2,blaNDM-1,0.287,43,8.320118312718989e-24
adeC,blaADC-73,0.2858,304,2.5051213107970813e-49
catB8,tet(B),0.284,290,6.916934651450989e-43
blaADC-26,cmlA5,0.2835,35,4.142694915645433e-21
aac(6')-Ian,blaADC-26,0.2835,45,2.5019428889314886e-23
aac(3)-Ia,aacA16,0.2824,38,2.7060068253772383e-25
ble,cmlA5,0.2798,42,7.404611270813872e-23
blaADC-26,blaOXA-104,0.2794,32,5.221156876206515e-20
arr-2,blaADC-26,0.2792,35,1.0526245704667983e-20
aac(6')-Ib4,blaOXA-65,0.2773,16,1.7038431646434064e-14
aac(6')-Ian,sul2,0.2773,129,2.1460886303706594e-45
ant(2'')-Ia,blaOXA-95,0.2758,31,5.1960252223402037e-20
gyrA_S81L,sul2,0.2754,868,5.284425773738981e-43
arr-2,ble,0.2753,42,2.3370498440831557e-22
adeC,ftsI_A515V,0.2738,321,5.149776819009244e-44
aac(6')-Ib',blaTEM-1,0.2737,213,1.2069313734210505e-35
aac(6')-Ib',tet(B),0.2735,286,1.0642681459686702e-39
aadA1,tet(B),0.2732,407,3.01244213673677e-39
parC_S84L,sul1,0.2728,741,2.2226446012425753e-41
blaADC,blaOXA-239,0.2716,32,7.66095695079299e-26
aac(3)-Ia,tet(A),0.2694,37,3.2828354231079985e-23
aac(3)-Ia,blaADC-30,0.2662,164,4.113118390709297e-32
aadA1,parC_S84L,0.2656,534,1.450479888848539e-41
aac(3)-Ia,aph(3')-Ia,0.263,205,7.195875609384231e-34
ant(2'')-Ia,blaADC-152,0.2626,21,1.6664188015262231e-16
blaADC-76,blaPER-7,0.2623,18,6.302608631485412e-14
aadA1,mph(E),0.262,382,9.865089904473751e-36
catB8,parC_S84L,0.2614,361,8.650002612501498e-45
blaOXA-69,sat2,0.2607,21,1.819517728422602e-15
blaNDM-1,blaOXA-58,0.2607,40,2.2782838393528506e-20
blaNDM-1,dfrA45,0.2595,24,3.115594039728946e-17
aac(6')-Ib',parC_S84L,0.2595,361,5.658851460725226e-44
aac(3)-Ia,catA1,0.2589,46,1.3425262798951931e-22
aac(6')-Ib3,blaADC-11,0.2589,12,4.271428526153404e-11
blaOXA-58,ble,0.2572,40,4.980315617839399e-20
aadA1,msr(E),0.2568,381,2.239900700477851e-34
ble,dfrA45,0.2564,24,4.99258225482597e-17
blaOXA-68,dfrA45,0.2559,12,5.3537519374429656e-11
blaOXA-69,dfrA1,0.2554,23,1.249862835682947e-15
blaOXA-66,sul1,0.2547,529,2.981919198590302e-34
aac(6')-Ib4,blaNDM-1,0.2528,20,9.002822118505023e-16
aac(6')-Ib3,aadA2,0.2527,16,7.953451617797591e-13
aadT,blaADC-76,0.2526,16,1.2600797061754025e-12
arr-2,sul1,0.2504,87,2.0075052270784573e-37
blaOXA-23,catB8,0.2502,306,6.006901151608824e-35
aac(6')-Ib4,ble,0.2499,20,1.3333801406150275e-15
catB8,gyrA_S81L,0.2494,381,8.805548921166239e-49
ftsI_A515V,gyrA_S81L,0.2491,369,9.795680770736079e-51
aac(6')-Ib',blaOXA-23,0.2487,306,1.5908441185063276e-34
blaADC-30,blaOXA-23,0.2479,399,1.4693086001864716e-33
cmlA5,sul1,0.2474,85,1.59288849055309e-36
aac(6')-Ib',gyrA_S81L,0.2472,381,3.3247454594187806e-47
blaOXA-23,blaTEM-1,0.2467,468,6.027785173335954e-33
blaADC-52,blaNDM-1,0.2464,24,4.828041523479734e-16
blaADC-76,dfrA45,0.2459,12,1.2934660910607175e-10
blaADC,blaOXA-65,0.2454,62,1.2655463219339154e-22
blaADC-52,ble,0.2434,24,7.675310063955565e-16
armA,arr-2,0.243,83,3.9240619786752896e-32
aph(3')-VIa,dfrA45,0.2405,30,3.6962237518786137e-19
blaCARB-16,blaNDM-1,0.2399,27,4.837743824074856e-16
armA,cmlA5,0.2397,81,3.135589705565796e-31
blaADC-176,catA1,0.2394,13,7.612654531623118e-11
aadA5,blaOXA-65,0.2378,16,3.435226933713591e-12
blaADC-30,mph(E),0.2371,334,2.4931905931341918e-29
blaCARB-16,ble,0.2369,27,8.11021072725606e-16
blaADC-73,gyrA_S81L,0.2362,337,6.978839566425165e-46
aadA5,blaOXA-58,0.235,14,3.876064427791072e-11
floR,sul2,0.2345,96,3.747955880344419e-32
aadA2,parC_E88K,0.2338,20,5.273658542684888e-13
aadA2,sul1,0.2307,86,2.6399829943923827e-29
blaADC-33,blaOXA,0.2305,23,8.116087627163478e-14
aph(6)-Id,catB8,0.2302,302,1.1211180927418554e-29
blaADC-30,msr(E),0.23,332,1.1258813453419668e-27
blaADC-26,dfrA45,0.2284,18,1.5680827411675624e-12
arr-2,blaADC-76,0.2281,18,4.63071955765017e-12
aph(3')-VIa,gyrA_S81L,0.2274,344,5.276899490045282e-39
aph(3'')-Ib,catB8,0.2273,302,5.451243598128579e-29
sul2,tet(B),0.2268,556,2.1960096373157585e-27
aac(3)-Ia,blaOXA-69,0.2257,61,2.4349377092241315e-19
aadA1,blaOXA-23,0.2256,431,1.1838370517886971e-27
aadA1,sat2,0.2252,41,3.622021139794055e-24
blaADC-176,blaOXA-69,0.2226,17,8.503949232782544e-12
blaNDM-1,blaOXA-91,0.2204,26,4.008663742314532e-14
arr-2,sul2,0.2203,84,1.327146500171758e-28
ant(2'')-Ia,blaADC-222,0.2192,25,1.0383979772617054e-13
blaOXA-91,ble,0.2175,26,6.547619099565702e-14
cmlA5,sul2,0.2173,82,8.107936868375038e-28
aac(6')-Ib',aph(6)-Id,0.2173,297,2.263197257417766e-26
catA1,sul1,0.2169,70,7.296728623592028e-27
aac(6')-Ib',aph(3'')-Ib,0.2167,298,2.787133561451861e-26
aph(3')-VIa,ble,0.2155,81,3.63705651130281e-19
blaADC-154,tet(39),0.2145,11,4.054351010310956e-09
blaADC-222,blaCARB-2,0.2145,9,4.723283691869042e-08
aac(6')-Ib3,aph(3')-VIa,0.2125,28,2.4561499484414233e-15
blaPER-7,sul1,0.2118,67,1.399486974857738e-25
aph(3')-VIa,blaNDM-1,0.2114,79,1.767078937605696e-18
blaCARB-2,blaOXA-95,0.2101,9,6.572597640566504e-08
blaNDM-1,blaOXA-104,0.2067,30,1.6290666985062174e-13
aac(6')-Ian,adeS_N125K,0.2067,19,3.134991708748473e-11
aadA5,blaADC-152,0.2052,7,9.798101821593091e-07
blaOXA-104,ble,0.2038,30,2.804920757505181e-13
arr-2,mph(E),0.2036,80,2.159003684093981e-23
arr-2,msr(E),0.2024,80,3.4629718785174287e-23
blaADC-76,cmlA5,0.2023,16,5.055267740954116e-10
aadA1,dfrA1,0.2022,43,2.6688415716774385e-18
blaOXA-72,tet(X5),0.2022,10,3.532664746024999e-08
aacA16,parC_E88K,0.2011,12,1.0017311940669508e-08
armA,blaPER-7,0.2008,63,2.01873561693153e-21
aph(3')-Ia,blaOXA-23,0.2007,506,7.568347216064222e-22
cmlA5,mph(E),0.2005,78,1.1863471922164097e-22
aac(3)-IIe,sul2,0.2004,88,3.260979249891188e-22
aadA2,blaOXA-82,0.1998,17,3.722238116117837e-10
blaNDM-1,blaPER-7,0.1996,28,1.2475058201821465e-12
cmlA5,msr(E),0.1993,78,1.87814298071493e-22
aadA5,ant(2'')-Ia,0.1992,18,6.692249100539832e-11
aac(3)-Ia,blaOXA-66,0.1992,219,4.207219281475118e-21
blaOXA-23,sul1,0.1984,575,2.643895139915884e-21
aac(3)-Ia,gyrA_S81L,0.197,312,2.4338353886454903e-27
blaPER-7,ble,0.1968,28,2.0649248944440864e-12
blaOXA-68,cmlA5,0.1964,15,1.93976216169896e-09
aadA1,aph(6)-Id,0.1956,423,5.797451205698381e-21
blaOXA,blaOXA-82,0.1954,21,6.692249100539832e-11
aadT,blaOXA-65,0.1954,18,3.4894015019137514e-10
arr-2,blaOXA-68,0.1935,15,2.7295298787868346e-09
aadA1,aph(3'')-Ib,0.1917,423,3.549028429752386e-20
aadT,blaOXA-68,0.1913,12,2.812570703215338e-08
adeS_H189Y,sul2,0.191,75,1.668730455045476e-20
arr-2,dfrA1,0.19,14,7.543810570461106e-09
aph(3')-VIa,blaOXA-65,0.1899,50,2.9811152299629335e-14
aph(3')-VIa,cmlA5,0.189,42,1.0736794139328578e-13
parC_S84L,sul2,0.188,747,1.6796750313066725e-19
aadA5,aph(3')-VI,0.1866,12,3.458095630726839e-08
aadT,aph(3')-VI,0.1858,16,3.95965783740404e-09
aacA16,aadA5,0.1857,8,1.2709334373205025e-06
aph(3')-VIa,arr-2,0.185,42,2.9717262740922133e-13
aph(3')-VI,blaOXA-58,0.1848,20,6.953082495231983e-10
blaPER-7,mph(E),0.1835,64,3.4603740258423917e-19
blaOXA-82,sul1,0.183,57,2.242175635693655e-18
sul1,tet(A),0.1824,47,8.005603987983806e-20
ant(2'')-Ia,parC_E88K,0.1824,24,1.3205273404352179e-10
aph(3')-VIa,sul1,0.1822,206,2.4689319302670493e-17
mph(E),sul2,0.1814,500,9.07577835449056e-18
blaOXA-58,floR,0.1809,20,1.247495509315941e-09
arr-2,sat2,0.1807,12,7.290626354473879e-08
blaADC-26,sul2,0.1793,109,3.387245074017507e-17
aadA5,blaADC,0.1784,24,1.781556746512648e-11
aac(6')-Ian,adeS_G336S,0.1777,21,1.2093902526785529e-09
blaPER-7,msr(E),0.1773,63,8.217946134749356e-18
aac(6')-Ib4,ant(2'')-Ia,0.1763,14,1.2941289106927429e-08
aph(3')-VIa,blaADC-33,0.1758,31,1.4204216983189984e-11
aac(6')-Ib4,floR,0.1753,10,4.0678381422901575e-07
sul1,tet(B),0.1751,491,1.2833628775802524e-16
aph(3')-VIa,sul2,0.174,215,4.068774585513695e-16
blaCARB-16,floR,0.1737,14,4.814790602091122e-08
msr(E),sul2,0.1735,498,2.5484352216925377e-16
aadA1,tet(A),0.1723,37,2.368545951225521e-13
blaPER-7,sul2,0.1719,62,1.2642210370034425e-16
blaNDM-1,sul2,0.1711,138,1.33508124829849e-15
blaADC-26,blaNDM-1,0.17,39,5.190252839501775e-11
aph(6)-Id,sul1,0.1685,569,1.3486676314001351e-15
aac(6')-Ian,blaCARB-16,0.1684,16,3.071576062536964e-08
aadA2,blaADC-33,0.1681,14,9.976560220401468e-08
adeC,blaADC-25,0.168,80,1.088254762518523e-20
blaTEM-1,sul1,0.1678,334,4.334547993927546e-15
blaOXA-58,blaOXA-65,0.1678,20,8.619744600039751e-09
ble,sul2,0.1676,139,5.347218752952484e-15
blaNDM-1,mph(E),0.1672,136,6.667571190762008e-15
armA,dfrA45,0.1665,36,5.782867938153303e-16
aac(3)-IId,mph(E),0.1655,63,3.839531582794173e-15
aph(3'')-Ib,sul1,0.165,570,5.316125217821934e-15
aac(3)-IId,msr(E),0.1644,63,5.433508381031731e-15
aph(3')-VIa,blaOXA-58,0.1642,39,7.430670494303448e-11
blaADC-152,floR,0.164,10,1.2621035677145395e-06
aac(3)-Ia,blaTEM-1,0.1634,149,1.7650757407543996e-13
aac(6')-Ib3,ant(2'')-Ia,0.1633,16,3.886208707765959e-08
aph(3')-VIa,blaOXA-82,0.1633,31,2.5088872756695284e-10
aac(6')-Ian,blaOXA-65,0.163,25,4.0849441486409284e-09
blaADC-33,sul1,0.1616,50,3.96500611333968e-14
aac(3)-Ia,blaOXA-72,0.1612,36,2.6054224393170915e-10
cmlA5,dfrA1,0.1612,12,6.272540801527675e-07
aph(3')-Ia,ftsI_A515V,0.1609,184,1.8350552827564952e-13
blaADC-26,ble,0.1607,38,4.413621242077147e-10
blaNDM-1,msr(E),0.1593,134,1.2960668105387042e-13
dfrA45,sul1,0.1593,36,4.372264995854148e-15
sat2,sul2,0.159,41,9.454734552855514e-16
ant(2'')-Ia,aph(3')-VIa,0.159,63,3.5249873756816195e-11
aac(3)-IId,blaCARB-2,0.1579,8,9.894055178215127e-06
aph(3')-VIa,blaOXA-239,0.1578,20,4.828280860465542e-09
aac(3)-Ia,tet(B),0.1577,205,1.5545314191395977e-13
aadA5,sul1,0.157,35,1.1710909893524728e-14
blaOXA-68,blaPER-7,0.1567,11,1.8050035846652543e-06
aac(3)-IId,blaNDM-1,0.1562,24,1.2054753481199626e-08
aph(3')-VIa,sat2,0.155,23,4.95520523220155e-09
aph(3')-VIa,blaPER-7,0.1548,32,1.429645129700278e-09
aac(3)-Ia,sat2,0.1546,22,8.526249833465815e-09
aadA1,catA1,0.1544,46,4.5490492752331335e-11
aac(3)-IId,ble,0.1538,24,1.8188024928698337e-08
aadT,sul2,0.153,52,3.620460334044427e-13
blaADC,blaOXA-51,0.1525,30,2.517640855533783e-09
ble,mph(E),0.1516,133,2.1755969895051137e-12
aadA2,blaADC-11,0.1509,12,1.9032320092807372e-06
aadA5,parC_E88K,0.1508,8,1.865132534458657e-05
tet(39),tet(X5),0.1504,8,1.6540026315313248e-05
aacA16,blaOXA-66,0.1501,44,1.399513131883527e-13
blaOXA-23,sul2,0.1501,588,1.56559801194613e-12
dfrA45,mph(E),0.1499,36,6.411945942130774e-14
aac(6')-Ib3,sul1,0.1499,36,1.130959859137797e-12
aph(3')-VIa,parC_S84L,0.1496,290,1.7142738566914165e-13
dfrA45,msr(E),0.1491,36,8.001751263547441e-14
dfrA45,sul2,0.1488,36,8.580677940642675e-14
ant(2'')-Ia,blaOXA,0.1485,33,1.1329189541115247e-08
cmlA5,sat2,0.1485,10,6.575887802823646e-06
aacA16,tet(B),0.1475,44,3.0474790897793093e-13
aac(3)-Ia,dfrA1,0.1468,24,2.713776857623316e-08
aac(6')-Ian,blaOXA-239,0.1463,11,3.858989316546776e-06
blaOXA-235,catB8,0.1459,21,2.9665896225149744e-08
aac(6')-Ib',blaOXA-235,0.1456,21,3.1047248610950816e-08
blaOXA-58,tet(39),0.1455,16,7.989424539753338e-07
aph(3'')-Ib,cmlA5,0.1452,77,3.235979314458406e-13
arr-2,blaOXA-23,0.1448,77,7.745536606321165e-13
ble,msr(E),0.1438,131,3.120241023933626e-11
aac(6')-Ian,parC_S84L,0.1438,125,3.312226954127815e-14
blaADC-79,tet(A),0.1435,6,0.0001450768284402155
aacA16,blaADC-30,0.1432,30,4.463454525807244e-09
blaOXA-23,blaPER-7,0.1432,64,5.379234552161469e-13
aac(6')-Ib3,blaOXA-69,0.1426,12,3.858989316546776e-06
blaOXA-23,cmlA5,0.1421,75,2.3607595845325302e-12
aph(6)-Id,cmlA5,0.1419,76,1.6379077032999152e-12
aac(6')-Ian,gyrA_S81L,0.1415,133,5.378410871343833e-17
blaOXA-69,fos,0.1415,19,5.58707906573877e-07
blaADC-25,blaOXA-66,0.1404,64,4.8900175184150565e-11
blaOXA-239,sul2,0.1402,32,3.010153591660551e-12
adeC,catA1,0.1394,68,7.018404454399228e-13
aac(3)-IId,sul2,0.1393,58,1.0337057154260916e-10
aph(3'')-Ib,arr-2,0.1388,77,6.10155284386274e-12
aadA5,blaNDM-1,0.1386,14,2.169980169579739e-06
aph(3'')-Ib,blaADC-25,0.1385,72,5.05130540185623e-12
aac(6')-Ib4,sul1,0.1377,27,2.901980911169948e-11
aadA5,ble,0.1366,14,2.7745264346088607e-06
aph(3')-VIa,aph(6)-Id,0.1365,241,1.1468310851852919e-10
aac(3)-Ia,blaADC-11,0.1358,23,2.486189857459916e-07
aph(6)-Id,arr-2,0.1356,76,2.6288992603638603e-11
aadT,ant(2'')-Ia,0.1353,18,1.4082996926601913e-06
aac(6')-Ib4,aph(3')-VIa,0.135,16,7.314101044885189e-07
aac(3)-Ia,parC_S84L,0.135,266,4.588770744746591e-11
dfrA1,sul2,0.1342,43,3.657961424826701e-10
aph(3'')-Ib,aph(3')-VIa,0.1337,241,2.797706885902435e-10
aadA5,mph(E),0.1335,33,1.9024004782009241e-10
aacA16,aph(6)-Id,0.1333,46,1.0601631035628462e-12
adeC,blaADC-11,0.1333,51,4.915679726913545e-13
adeS_H189Y,tet(B),0.1332,65,5.055267740954116e-10
aadA5,msr(E),0.1328,33,2.3174835616906321e-10
aac(6')-Ib4,blaCARB-2,0.1327,4,0.001566477248708148
aacA16,aph(3'')-Ib,0.1324,46,1.4145455597828332e-12
aph(3')-Ia,blaADC-73,0.1318,160,2.3452137788395767e-09
aadA5,floR,0.131,9,5.6202613617782015e-05
ant(2'')-Ia,blaADC-11,0.1304,16,4.443727376268166e-06
ant(2'')-Ia,sul1,0.1302,110,3.31028879020671e-09
aadT,blaCARB-2,0.1301,6,0.0003565337393711344
blaADC-25,blaTEM-1,0.1301,47,2.3046643243533864e-08
aph(3')-VIa,dfrA1,0.1297,23,6.521861178201773e-07
adeC,blaOXA-69,0.1295,110,3.750558054149988e-10
dfrA1,tet(X5),0.1286,5,0.0008104106798912352
adeC,tet(A),0.1279,47,5.344359821231831e-12
blaADC-25,tet(B),0.1276,62,3.09208854473485e-09
blaCARB-2,sul1,0.1269,27,4.3262137401216665e-09
blaOXA-58,sul2,0.1266,64,6.930569814892821e-09
aacA16,adeC,0.1265,46,9.759966002008511e-12
aac(6')-Ib3,tet(A),0.1265,6,0.000468652716075924
adeS_H189Y,aph(6)-Id,0.1254,71,1.16938994942506e-09
aac(6')-Ib4,blaOXA-120,0.1253,4,0.00226011176878144
ant(2'')-Ia,blaCARB-2,0.1251,11,3.29641890680888e-05
adeS_H189Y,aph(3'')-Ib,0.1241,71,1.6879915729555718e-09
sul2,tet(X5),0.1237,25,1.5504546474784888e-09
aph(3')-VI,blaOXA-120,0.1235,8,0.00017801025166316596
blaADC-30,ftsI_T526S,0.1229,26,6.016891193499338e-07
aadA2,adeS_N125K,0.1226,10,8.916305949169656e-05
aac(3)-IIe,aph(3'')-Ib,0.1219,82,4.991038768251116e-09
ant(2'')-Ia,blaCARB-16,0.1216,15,1.8627808946889373e-05
adeS_N125K,aph(3')-VIa,0.1214,22,3.1708145483527e-06
blaOXA-402,sul2,0.1208,32,2.045163013693107e-08
ant(2'')-Ia,blaOXA-100,0.1204,10,7.705510652040849e-05
blaADC-152,blaOXA-72,0.1203,7,0.0003915545064609946
ant(2'')-Ia,blaOXA-82,0.12,17,1.583745275641218e-05
blaOXA-65,sul2,0.1197,75,5.198636361074743e-08
aac(3)-IId,aac(6')-Ib4,0.119,6,0.0007580239449665186
aadA5,sul2,0.1183,31,4.4083663985254796e-08
blaADC-11,sul1,0.1183,39,1.1556878906464779e-07
ant(2'')-Ia,blaOXA-58,0.1177,21,1.1881859590667892e-05
blaOXA-66,blaOXA-72,0.1174,62,7.831449742224208e-08
blaOXA-82,parC_S84L,0.1174,62,4.21744656385416e-11
adeS_H189Y,blaPER-7,0.1173,11,0.00011321357427704739
aph(3')-VIa,blaOXA-104,0.1173,28,3.7868392452444853e-06
adeS_G336S,aph(3')-VIa,0.1173,28,3.7868392452444853e-06
aadT,aph(3')-VIa,0.1172,24,5.385067159767594e-06
aac(6')-Ib3,blaOXA-58,0.1171,8,0.0003274418998507054
aadA2,gyrA_S81L,0.1166,92,1.2938876029899983e-11
blaOXA-68,sul2,0.1164,43,1.1662378896255222e-07
adeS_N125K,sul2,0.1163,40,1.1556878906464779e-07
aadT,tet(X5),0.1161,5,0.0017321581263203803
aph(6)-Id,blaPER-1,0.116,35,1.2670155620469435e-09
aph(3'')-Ib,blaPER-1,0.1152,35,1.578076540988121e-09
aac(3)-IIe,aph(6)-Id,0.1149,80,5.0414253756864426e-08
aadT,msr(E),0.1148,45,1.9334915834150943e-07
aadT,floR,0.1147,11,0.0001450768284402155
aac(3)-Ia,blaPER-1,0.1143,16,2.429878884828107e-05
blaCARB-2,blaPER-1,0.1137,4,0.0041352531502295425
aph(3')-VI,blaADC-176,0.1137,8,0.00043323554834403757
blaADC-33,parC_S84L,0.1125,57,3.4307350268104396e-10
aac(3)-IIe,gyrA_S81L,0.1121,98,6.90110928755313e-10
aph(6)-Id,blaADC-25,0.1116,66,1.0967061659196218e-07
aac(3)-IIe,tet(B),0.1116,70,3.6315523927163014e-07
aac(3)-Ia,blaADC-176,0.1114,16,3.7929970691905994e-05
aph(6)-Id,blaOXA-239,0.1108,32,8.591410950183025e-09
blaNDM-1,sat2,0.1107,13,0.00010885328984284467
adeC,blaOXA-82,0.1102,55,7.774327985583054e-08
aadT,mph(E),0.1102,44,6.988276574585379e-07
aph(3'')-Ib,blaOXA-239,0.1101,32,1.0495930215042196e-08
adeS_G336S,blaOXA-51,0.1101,9,0.0004417483813361861
blaADC-30,blaOXA-235,0.1094,21,1.2401038804599757e-05
blaADC-76,sul2,0.109,44,9.227751792864608e-07
ble,sat2,0.1089,13,0.00013433924000124037
ant(2'')-Ia,blaADC,0.1087,54,5.435216746569953e-06
blaOXA-235,parC_E88K,0.108,6,0.0017321581263203803
adeS_H189Y,parC_S84L,0.1075,77,4.499869699299652e-08
aph(3')-Ia,blaADC-152,0.1072,23,4.914519456340847e-06
aadA5,aph(3')-VIa,0.1072,16,6.437204267054295e-05
blaOXA-72,sul1,0.1071,55,2.013497026544832e-06
aac(6')-Ib4,blaADC,0.107,14,7.807404572305379e-05
aac(6')-Ian,aadA5,0.107,9,0.0005276608499950473
blaOXA-23,dfrA45,0.1069,34,1.5097589021493264e-07
blaOXA-72,floR,0.1064,13,0.00022992459560373764
blaADC-52,blaCARB-2,0.1063,4,0.006142222946576355
blaOXA-402,parC_E88K,0.1059,6,0.002013743754921319
aac(6')-Ib4,mph(E),0.1053,24,1.797967228597929e-06
blaOXA-69,sul1,0.1052,79,2.8024954707551766e-06
adeS_N125K,parC_S84L,0.1052,50,6.359979965393461e-09
ant(2'')-Ia,blaADC-79,0.105,10,0.0004295367325511515
aacA16,sul1,0.1048,34,3.858989316546776e-06
mph(E),tet(39),0.1048,61,2.6957404374523316e-06
aac(6')-Ib4,msr(E),0.1046,24,2.0460694739854935e-06
aac(3)-Ia,blaOXA-82,0.1042,22,6.002104308189374e-05
aph(6)-Id,dfrA45,0.1039,34,3.297222315979446e-07
aadA5,blaCARB-16,0.1038,5,0.0038925752354055207
aph(6)-Id,blaPER-7,0.1038,57,9.894966990602584e-07
msr(E),tet(39),0.1037,61,3.4569557520806758e-06
aac(6')-Ian,blaOXA,0.1032,21,0.00010710117549211997
aph(3'')-Ib,dfrA45,0.1031,34,4.028884134281859e-07
blaNDM-1,dfrA1,0.103,14,0.000241790588934026
arr-2,gyrA_S81L,0.1029,85,2.504084689310512e-08
aph(3'')-Ib,blaPER-7,0.1027,57,1.3142891719507607e-06
aac(3)-IId,blaOXA-68,0.1024,8,0.0012496323092593424
adeC,blaADC-33,0.1024,50,8.467771408151804e-07
aac(3)-Ia,aph(3')-VIa,0.102,77,1.3076993210432184e-05
aph(6)-Id,blaOXA-235,0.102,33,5.918474197188128e-07
aac(6')-Ib4,tet(39),0.102,6,0.002572107739354086
aac(3)-Ia,aph(6)-Id,0.1019,212,2.802897443577981e-06
aph(3')-VIa,blaOXA-23,0.1016,222,3.12515170884681e-06
aadA2,aph(3')-VIa,0.1016,30,5.168822253078577e-05
cmlA5,gyrA_S81L,0.1015,83,4.2936708524482016e-08
aph(3'')-Ib,blaOXA-235,0.1012,33,7.158078767526999e-07
blaOXA-23,blaOXA-95,0.1012,47,2.0453779012986576e-06
aadA1,blaOXA-69,0.1011,59,1.5466206546019936e-05
blaCARB-16,blaOXA,0.1009,11,0.0006030587348626088
blaPER-7,gyrA_S81L,0.1005,69,1.1673040534443884e-08
blaOXA-58,tet(A),0.1002,8,0.0014968271249582393
ant(2'')-Ia,gyrA_S81L,0.1001,166,7.992066472588468e-07
adeS_H189Y,gyrA_S81L,0.1,81,7.367657536758023e-08
blaCARB-2,blaOXA-58,0.1,6,0.0030262450300501983
blaOXA,floR,0.0996,17,0.00027381104209349427
aac(6')-Ian,blaPER-7,0.0996,13,0.00048271479288472335
aac(3)-Ia,aph(3'')-Ib,0.0992,212,5.276317105130086e-06
adeS_H189Y,cmlA5,0.0991,11,0.0007808099493696467
aac(6')-Ib3,blaOXA-65,0.099,8,0.0016073012394774466
aadT,blaOXA-120,0.0987,5,0.0053921257079613824
blaOXA-64,sul2,0.0986,81,1.0652233588785139e-05
aph(3')-VIa,blaOXA-69,0.0985,39,6.0687427415894314e-05
ant(2'')-Ia,blaADC-33,0.0982,14,0.0004541858095080586
aac(6')-Ian,aph(3'')-Ib,0.0974,97,7.265787403028287e-06
gyrA_S81L,parC_E88K,0.0974,65,3.775535277058362e-08
adeS_H189Y,arr-2,0.0972,11,0.0009548166599794369
aac(3)-IId,blaADC-76,0.097,8,0.0020136544636537653
blaPER-1,sul2,0.097,28,1.7059841174518526e-05
blaCARB-2,tet(39),0.0969,6,0.0038111935842541442
aph(3')-Ia,tet(X5),0.0963,19,5.777979984582005e-05
aph(3')-Ia,tet(A),0.0957,30,5.143597367802124e-05
blaADC-79,blaOXA-58,0.0953,6,0.004326310739241784
blaOXA-82,gyrA_S81L,0.0951,62,9.033390743122764e-08
aac(6')-Ib3,catA1,0.0949,6,0.004572345510244547
aac(6')-Ian,floR,0.0949,16,0.0005627540171912282
sul2,tet(39),0.0945,59,2.9198552896425645e-05
aph(3')-VIa,blaADC-11,0.0944,19,0.0003170451389789264
aadT,tet(39),0.0942,9,0.0019940547477218778
blaOXA-98,sul2,0.0941,27,3.347293580688045e-05
blaOXA-402,mph(E),0.0938,28,3.80300123483983e-05
aph(3')-Ia,catA1,0.0931,41,7.206289693184008e-05
blaOXA-402,msr(E),0.093,28,4.384194861363403e-05
blaADC-199,blaOXA-23,0.0928,27,1.015966366170727e-05
blaADC-169,blaOXA-120,0.0923,4,0.013584665034371255
blaPER-7,parC_S84L,0.0923,63,5.266169612298292e-06
dfrA1,tet(39),0.0922,8,0.0030415662407252114
blaADC-169,parC_E88K,0.0918,6,0.005825230389451571
aac(6')-Ian,aph(6)-Id,0.0917,95,2.9371827619691215e-05
blaADC-33,gyrA_S81L,0.0911,57,3.953324484474799e-07
blaOXA-58,sul1,0.091,53,7.472792390815777e-05
ble,dfrA1,0.0907,13,0.001227183757280335
blaOXA-95,gyrA_S81L,0.0903,56,5.300830675833512e-07
aadA2,adeS_G336S,0.0896,10,0.0025154011537998305
blaOXA-58,tet(X5),0.089,5,0.01006996505444273
blaADC-169,sul2,0.0887,32,0.00011276207630768377
blaADC-222,gyrA_S81L,0.0886,54,9.401844566355416e-07
blaOXA-58,blaOXA-68,0.0884,8,0.004284489649568721
aac(6')-Ib4,sul2,0.0883,22,0.00012234354660557275
adeS_G336S,sat2,0.0879,6,0.00782389764472266
aadT,blaOXA-100,0.0872,4,0.018081208832720613
adeS_G336S,sul2,0.0871,48,0.0001450768284402155
blaADC-25,gyrA_S81L,0.087,76,1.0032205237262967e-05
blaCARB-2,blaOXA-91,0.087,4,0.018369269383471335
floR,mph(E),0.0869,61,0.0001450768284402155
aph(3')-VIa,blaADC-76,0.0866,20,0.0008976172940915866
aac(6')-Ian,ant(2'')-Ia,0.0864,23,0.000926842682283838
blaADC-26,fos,0.0862,14,0.0019917078832173054
blaADC-176,blaNDM-1,0.0861,10,0.0031184059083164905
aac(3)-IIe,dfrA1,0.0861,8,0.005184079778596304
floR,msr(E),0.0857,61,0.00018051524213200508
adeS_N125K,gyrA_S81L,0.0852,50,3.0005050497109803e-06
aac(3)-IId,blaOXA-120,0.085,5,0.013552371746303436
ant(2'')-Ia,ble,0.0842,31,0.0008812450813763426
aadA2,blaPER-1,0.0841,6,0.010245161190488811
aph(3')-VI,floR,0.0839,12,0.003304688500133591
blaOXA-239,parC_S84L,0.0838,32,1.0811996342448644e-05
blaADC-76,blaOXA-58,0.0833,8,0.0067687315310328705
ant(2'')-Ia,aph(3')-VI,0.0829,18,0.00200150674583734
blaOXA-235,sul2,0.0828,26,0.00038194925630737135
aadA2,blaOXA-69,0.0827,14,0.002979553433104946
blaADC-30,tet(X5),0.0824,14,0.0016873872980567113
blaADC-158,sul2,0.0821,23,0.00044702300660339844
aac(3)-Ia,blaADC-33,0.082,18,0.001957877583432805
adeC,blaOXA-235,0.082,31,0.00014884680370454593
aacA16,sul2,0.0817,32,0.0004551289932868934
aacA16,gyrA_S81L,0.0816,46,9.580019250716621e-06
sat2,tet(X5),0.0814,3,0.04272545521504183
blaTEM-1,tet(A),0.0813,25,0.0009832586669864174
aac(6')-Ian,cmlA5,0.0813,13,0.0038582993545550484
aph(3')-Ia,sat2,0.0812,25,0.0008247217708215287
blaADC-152,parC_S84L,0.0811,30,2.4634899114333453e-05
blaOXA-120,ble,0.0811,9,0.0060186862489821835
blaADC-76,blaCARB-2,0.0808,4,0.026520782828970697
blaOXA-72,gyrA_S81L,0.0806,79,7.730078112575086e-05
blaOXA-98,floR,0.0806,6,0.013306239537291825
aph(3')-Ia,blaADC-25,0.0806,42,0.0007133166436934284
aph(3')-Ia,dfrA1,0.0805,29,0.0008573587708070036
blaCARB-16,parC_S84L,0.0804,46,0.00010556230942179341
adeS_N125K,aph(6)-Id,0.0804,40,0.00030979064798238086
blaOXA,tet(X5),0.0798,6,0.013584665034371255
blaADC-199,parC_S84L,0.0798,29,3.7241915832562346e-05
aac(3)-IIe,parC_S84L,0.0796,84,0.00022160407568410812
adeS_H189Y,blaOXA-23,0.0796,60,0.00040505559894275914
adeS_N125K,aph(3'')-Ib,0.0794,40,0.00037238065899037985
aac(6')-Ian,arr-2,0.0793,13,0.004795996329264527
blaOXA-23,blaOXA-402,0.0793,30,0.0003863125926703077
aadA1,ftsI_T526S,0.0791,22,0.0016393259710428501
ftsI_T526S,sat2,0.079,4,0.02979434976363312
ftsI_T526S,gyrA_S81L,0.0789,43,2.2771663407091457e-05
blaOXA-72,parC_E88K,0.0788,8,0.010069314022012724
aph(3')-VIa,blaOXA-68,0.0785,18,0.002986286155386585
blaNDM-1,sul1,0.0785,101,0.0006764442346679573
blaOXA-64,blaPER-7,0.0778,11,0.006938234303077444
blaOXA-68,parC_E88K,0.0771,6,0.01784412259957784
aadT,blaADC-79,0.077,4,0.033478201744771806
blaOXA,parC_S84L,0.0766,112,0.00047047816962133486
blaCARB-2,blaNDM-1,0.0764,8,0.011230567231472777
aph(3')-VI,blaOXA-65,0.0753,12,0.008186544138716133
blaOXA-23,ftsI_T526S,0.0752,34,0.0009263158566452683
blaCARB-2,ble,0.0751,8,0.012685144364241473
adeS_G336S,dfrA1,0.075,6,0.020921089372494803
blaADC-222,blaOXA-23,0.0749,41,0.0009971967372358933
blaADC-176,parC_S84L,0.0744,34,0.00035125678261587064
blaADC-152,sul2,0.0744,22,0.0018538556870792606
blaOXA-235,blaOXA-68,0.0741,4,0.04012876610115078
blaOXA-58,mph(E),0.0737,52,0.0017229538690085354
arr-2,parC_S84L,0.0737,73,0.0007655714200802253
dfrA1,sul1,0.0734,31,0.0022467252837245614
aadA2,blaOXA-23,0.0731,64,0.0014172172094533968
aph(6)-Id,tet(X5),0.073,22,0.0011993764670955485
blaOXA-58,msr(E),0.0726,52,0.0020399222826599805
aph(3'')-Ib,tet(X5),0.0724,22,0.0013449851751629884
dfrA45,gyrA_S81L,0.0721,36,0.00017097661122682662
blaCARB-2,blaPER-7,0.0721,4,0.04526439866155609
parC_E88K,sul1,0.0717,38,0.0027699435606546845
blaOXA-72,catA1,0.0717,8,0.01873541758229569
blaOXA-104,fos,0.0715,8,0.019152729270085576
dfrA1,floR,0.0715,7,0.0222855926487641
blaCARB-2,msr(E),0.0713,21,0.0031750459007969596
cmlA5,parC_S84L,0.0712,71,0.0012483536496174176
blaPER-1,gyrA_S81L,0.071,35,0.0002276596568012013
aadA5,gyrA_S81L,0.071,35,0.0002276596568012013
blaOXA-235,gyrA_S81L,0.071,35,0.0002276596568012013
blaOXA-235,blaOXA-66,0.0708,25,0.0030755446769276263
blaOXA-23,sat2,0.0707,32,0.0021722140817620962
aph(3')-Ia,blaOXA-72,0.0704,42,0.003659693690153929
blaOXA-69,cmlA5,0.0702,12,0.013607629418909745
ant(2'')-Ia,blaOXA-65,0.0697,18,0.009828769030441695
aac(3)-IIe,blaOXA-23,0.0697,68,0.002529554437131425
blaOXA-58,catA1,0.0694,8,0.02296724259895239
aadT,blaPER-7,0.0691,6,0.033015581808833044
blaOXA-235,tet(B),0.0686,25,0.0042495882198363005
adeC,blaOXA-72,0.0686,62,0.0028479274413508635
arr-2,blaOXA-69,0.0683,12,0.016475557211696936
blaOXA-239,gyrA_S81L,0.0679,32,0.0005322980085114472
blaADC-76,tet(B),0.067,38,0.005070408037483469
ble,sul1,0.0669,99,0.004634256366225447
adeS_N125K,ant(2'')-Ia,0.0668,10,0.022002907395215168
aadA1,blaADC-11,0.0657,23,0.010346513735761901
blaADC-152,gyrA_S81L,0.0657,30,0.0009391509708759231
aph(6)-Id,ftsI_T526S,0.0656,33,0.005153496138305738
blaOXA-259,sul2,0.0655,32,0.006988285806224255
blaTEM-1,tet(X5),0.0655,14,0.013306239537291825
armA,sul2,0.0652,384,0.004945111099651265
aac(3)-Ia,blaOXA-23,0.0652,193,0.005010668985725501
dfrA1,gyrA_S81L,0.0649,47,0.0023362831306266403
aph(3'')-Ib,ftsI_T526S,0.0647,33,0.00593773219564788
blaADC-199,gyrA_S81L,0.0646,29,0.0012483536496174176
blaNDM-1,floR,0.0644,17,0.018413875345811875
ant(2'')-Ia,floR,0.0643,16,0.019466069190009774
blaADC-169,mph(E),0.0643,28,0.008798581186241267
ant(2'')-Ia,blaNDM-1,0.0641,27,0.014018657874857895
armA,ftsI_T526S,0.0637,25,0.011024867777421204
blaADC-169,msr(E),0.0635,28,0.009809231124547235
ftsI_A515V,sul2,0.0633,178,0.007202081278254317
aac(6')-Ian,tet(B),0.0629,75,0.008495351876891462
blaADC,blaOXA-235,0.0629,12,0.024996393675639196
aph(6)-Id,blaOXA-402,0.0625,28,0.008741232684075005
ble,floR,0.0625,17,0.022373547324074754
gyrA_S81L,sat2,0.0621,39,0.0038190881003505915
aac(3)-Ia,blaADC-25,0.0618,20,0.020970277049838268
aph(3'')-Ib,blaOXA-402,0.0616,28,0.009857896417905725
blaOXA-64,cmlA5,0.0616,11,0.034260524651243664
blaOXA-66,ftsI_T526S,0.0613,28,0.013104106050036967
ftsI_T526S,mph(E),0.0612,27,0.013751152708437695
catB8,ftsI_T526S,0.0607,14,0.028308630564348312
blaADC,blaOXA-91,0.0607,16,0.026506298022184384
aph(3')-VIa,tet(A),0.0606,14,0.029140556815257103
ftsI_T526S,msr(E),0.0605,27,0.01519946123287282
blaOXA-23,dfrA1,0.0605,36,0.011943722800413573
blaADC-176,ble,0.0601,8,0.04919643876451937
gyrA_S81L,tet(X5),0.0599,25,0.0038298633116878303
dfrA45,parC_S84L,0.0599,32,0.008818189480247705
arr-2,blaOXA-64,0.0598,11,0.04064427030993368
aac(3)-Ia,catB8,0.0593,70,0.016714457622675948
aph(3')-VI,aph(3')-VIa,0.0586,24,0.027247773048069922
blaCARB-16,gyrA_S81L,0.0582,46,0.00955684026123938
aadT,blaADC,0.0581,17,0.03402398640336933
floR,parC_S84L,0.0575,79,0.01441576162023327
ftsI_T526S,parC_S84L,0.0574,37,0.013914307780110113
blaADC,blaOXA-58,0.0569,23,0.03361104363130141
sat2,sul1,0.0568,24,0.02660845722778123
blaOXA-66,blaPER-1,0.0567,23,0.02581795993217211
parC_S84L,tet(X5),0.0566,23,0.014843557069199084
blaOXA-95,sul1,0.0565,31,0.026164584779765993
blaADC,blaOXA-104,0.0564,20,0.03770621300644426
blaOXA-402,gyrA_S81L,0.0562,34,0.012364378237746105
blaADC-176,gyrA_S81L,0.0562,34,0.012364378237746105
blaPER-1,sul1,0.0561,21,0.030262773254710038
blaOXA-66,sul2,0.0558,449,0.019583873050548668
catA1,parC_S84L,0.0543,58,0.023330616352617167
floR,gyrA_S81L,0.0542,86,0.020980381757861575
adeC,blaPER-1,0.0539,27,0.03029050221613257
blaADC-76,blaOXA-23,0.0524,40,0.03670084714463394
blaOXA-68,tet(B),0.0509,33,0.04919643876451937
